Region,Country,Item Type,Sales Channel,Order Priority,Order Date,Order ID,Ship Date,Units Sold,Unit Price,Unit Cost,Total Revenue,Total Cost,Total Profit,Order year,Order Month,Order Weekday,Unit Margin,Order_Ship_Days
Middle East and North Africa,Libya,Cosmetics,Offline,M,18-10-2014,686800706,31-10-2014,8446,437.2,263.33,3692591.2,2224085.18,1468506.02,2014,10,fri,173.87,13 days
North America,Canada,Vegetables,Online,M,07-11-2011,185941302,08-12-2011,3018,154.06,90.93,464953.08,274426.74,190526.34,2011,11,sun,63.13,31 days
Middle East and North Africa,Libya,Baby Food,Offline,C,31-10-2016,246222341,09-12-2016,1517,255.28,159.42,387259.76,241840.14,145419.62,2016,10,sun,95.86,39 days
Asia,Japan,Cereal,Offline,C,10-04-2010,161442649,12-05-2010,3322,205.7,117.11,683335.4,389039.42,294295.98,2010,4,fri,88.59,32 days
Sub-Saharan Africa,Chad,Fruits,Offline,H,16-08-2011,645713555,31-08-2011,9845,9.33,6.92,91853.85,68127.4,23726.45,2011,8,mon,2.41,15 days
Europe,Armenia,Cereal,Online,H,24-11-2014,683458888,28-12-2014,9528,205.7,117.11,1959909.6,1115824.08,844085.52,2014,11,sun,88.59,34 days
Sub-Saharan Africa,Eritrea,Cereal,Online,H,04-03-2015,679414975,17-04-2015,2844,205.7,117.11,585010.8,333060.84,251949.96,2015,3,tue,88.59,44 days
Europe,Montenegro,Clothes,Offline,M,17-05-2012,208630645,28-06-2012,7299,109.28,35.84,797634.72,261596.16,536038.56,2012,5,wed,73.44,42 days
Central America and the Caribbean,Jamaica,Vegetables,Online,H,29-01-2015,266467225,07-03-2015,2428,154.06,90.93,374057.68,220778.04,153279.64,2015,1,wed,63.13,37 days
Australia and Oceania,Fiji,Vegetables,Offline,H,24-12-2013,118598544,19-01-2014,4800,154.06,90.93,739488,436464,303024,2013,12,mon,63.13,26 days
Sub-Saharan Africa,Togo,Clothes,Online,M,29-12-2015,451010930,19-01-2016,3012,109.28,35.84,329151.36,107950.08,221201.28,2015,12,mon,73.44,21 days
Europe,Montenegro,Snacks,Offline,M,27-02-2010,220003211,18-03-2010,2694,152.58,97.44,411050.52,262503.36,148547.16,2010,2,fri,55.14,19 days
Europe,Greece,Household,Online,C,17-11-2016,702186715,22-12-2016,1508,668.27,502.54,1007751.16,757830.32,249920.84,2016,11,wed,165.73,35 days
Sub-Saharan Africa,Sudan,Cosmetics,Online,C,20-12-2015,544485270,05-01-2016,4146,437.2,263.33,1812631.2,1091766.18,720865.02,2015,12,sat,173.87,16 days
Asia,Maldives,Fruits,Offline,L,08-01-2011,714135205,06-02-2011,7332,9.33,6.92,68407.56,50737.44,17670.12,2011,1,fri,2.41,29 days
Europe,Montenegro,Clothes,Offline,H,28-06-2010,448685348,22-07-2010,4820,109.28,35.84,526729.6,172748.8,353980.8,2010,6,sun,73.44,24 days
Europe,Estonia,Office Supplies,Online,H,25-04-2016,405997025,12-05-2016,2397,651.21,524.96,1560950.37,1258329.12,302621.25,2016,4,sun,126.25,17 days
North America,Greenland,Beverages,Online,M,27-07-2012,414244067,07-08-2012,2880,47.45,31.79,136656,91555.2,45100.8,2012,7,thur,15.66,11 days
Sub-Saharan Africa,Cape Verde,Clothes,Online,C,08-09-2014,821912801,03-10-2014,1117,109.28,35.84,122065.76,40033.28,82032.48,2014,9,sun,73.44,25 days
Sub-Saharan Africa,Senegal,Household,Offline,L,27-08-2012,247802054,08-09-2012,8989,668.27,502.54,6007079.03,4517332.06,1489746.97,2012,8,sun,165.73,12 days
Australia and Oceania,Federated States of Micronesia,Snacks,Online,C,03-09-2012,531023156,15-10-2012,407,152.58,97.44,62100.06,39658.08,22441.98,2012,9,sun,55.14,42 days
Europe,Bulgaria,Clothes,Online,L,27-08-2010,880999934,16-09-2010,6313,109.28,35.84,689884.64,226257.92,463626.72,2010,8,thur,73.44,20 days
Middle East and North Africa,Algeria,Personal Care,Online,H,20-02-2011,127468717,09-03-2011,9681,81.73,56.67,791228.13,548622.27,242605.86,2011,2,sat,25.06,17 days
Asia,Mongolia,Clothes,Online,L,12-12-2015,770478332,24-01-2016,515,109.28,35.84,56279.2,18457.6,37821.6,2015,12,fri,73.44,43 days
Central America and the Caribbean,Grenada,Cereal,Online,H,28-10-2012,430390107,13-11-2012,852,205.7,117.11,175256.4,99777.72,75478.68,2012,10,sat,88.59,16 days
Central America and the Caribbean,Grenada,Beverages,Online,M,30-01-2017,397877871,20-03-2017,9759,47.45,31.79,463064.55,310238.61,152825.94,2017,1,sun,15.66,49 days
Sub-Saharan Africa,Senegal,Beverages,Offline,M,22-10-2014,683927953,04-11-2014,8334,47.45,31.79,395448.3,264937.86,130510.44,2014,10,tue,15.66,13 days
North America,Greenland,Fruits,Offline,M,31-01-2012,469839179,22-02-2012,4709,9.33,6.92,43934.97,32586.28,11348.69,2012,1,mon,2.41,22 days
Sub-Saharan Africa,Chad,Meat,Offline,H,20-01-2016,357222878,09-03-2016,9043,421.89,364.69,3815151.27,3297891.67,517259.6,2016,1,tue,57.2,49 days
Sub-Saharan Africa,Mauritius ,Personal Care,Online,C,01-01-2016,118002879,07-01-2016,8529,81.73,56.67,697075.17,483338.43,213736.74,2016,1,thur,25.06,6 days
Middle East and North Africa,Morocco,Beverages,Offline,C,01-06-2017,944415509,23-06-2017,2391,47.45,31.79,113452.95,76009.89,37443.06,2017,6,wed,15.66,22 days
Central America and the Caribbean,Honduras,Office Supplies,Online,H,30-06-2015,499009597,09-07-2015,6884,651.21,524.96,4482929.64,3613824.64,869105,2015,6,mon,126.25,9 days
Sub-Saharan Africa,Benin,Fruits,Online,L,28-01-2014,564646470,16-03-2014,293,9.33,6.92,2733.69,2027.56,706.13,2014,1,mon,2.41,47 days
Europe,Greece,Baby Food,Offline,M,08-04-2014,294499957,08-04-2014,7937,255.28,159.42,2026157.36,1265316.54,760840.82,2014,4,mon,95.86,0 days
Central America and the Caribbean,Jamaica,Beverages,Offline,L,04-09-2010,262056386,24-10-2010,7163,47.45,31.79,339884.35,227711.77,112172.58,2010,9,fri,15.66,50 days
Sub-Saharan Africa,Equatorial Guinea,Office Supplies,Online,M,02-05-2010,211114585,14-05-2010,2352,651.21,524.96,1531645.92,1234705.92,296940,2010,5,sat,126.25,12 days
Sub-Saharan Africa,Swaziland,Office Supplies,Offline,H,03-10-2013,405785882,22-10-2013,9915,651.21,524.96,6456747.15,5204978.4,1251768.75,2013,10,wed,126.25,19 days
Central America and the Caribbean,Trinidad and Tobago,Vegetables,Offline,M,06-03-2011,280494105,14-04-2011,3294,154.06,90.93,507473.64,299523.42,207950.22,2011,3,sat,63.13,39 days
Europe,Sweden,Baby Food,Online,L,07-08-2016,689975583,12-08-2016,7963,255.28,159.42,2032794.64,1269461.46,763333.18,2016,8,sat,95.86,5 days
Europe,Belarus,Office Supplies,Online,L,11-01-2011,759279143,18-02-2011,6426,651.21,524.96,4184675.46,3373392.96,811282.5,2011,1,mon,126.25,38 days
Sub-Saharan Africa,Guinea-Bissau,Office Supplies,Offline,C,21-05-2014,133766114,12-06-2014,3221,651.21,524.96,2097547.41,1690896.16,406651.25,2014,5,tue,126.25,22 days
Asia,Mongolia,Beverages,Online,M,03-08-2013,329110324,02-09-2013,9913,47.45,31.79,470371.85,315134.27,155237.58,2013,8,fri,15.66,30 days
Middle East and North Africa,Turkey,Meat,Online,L,05-10-2011,681298100,20-11-2011,103,421.89,364.69,43454.67,37563.07,5891.6,2011,10,tue,57.2,46 days
Sub-Saharan Africa,Central African Republic,Snacks,Offline,L,15-11-2016,596628272,30-12-2016,4419,152.58,97.44,674251.02,430587.36,243663.66,2016,11,mon,55.14,45 days
Sub-Saharan Africa,Equatorial Guinea,Office Supplies,Offline,L,03-04-2015,901712167,17-04-2015,5523,651.21,524.96,3596632.83,2899354.08,697278.75,2015,4,thur,126.25,14 days
Asia,Laos,Beverages,Online,M,22-03-2013,693473613,21-04-2013,3107,47.45,31.79,147427.15,98771.53,48655.62,2013,3,thur,15.66,30 days
Europe,Armenia,Meat,Online,C,02-08-2010,489148938,01-09-2010,8896,421.89,364.69,3753133.44,3244282.24,508851.2,2010,8,sun,57.2,30 days
Europe,Greece,Household,Online,L,05-01-2012,876286971,15-02-2012,1643,668.27,502.54,1097967.61,825673.22,272294.39,2012,1,wed,165.73,41 days
Middle East and North Africa,Israel,Personal Care,Offline,H,26-08-2015,262749040,30-08-2015,2135,81.73,56.67,174493.55,120990.45,53503.1,2015,8,tue,25.06,4 days
Asia,Bhutan,Meat,Online,H,09-12-2016,726708972,26-01-2017,8189,421.89,364.69,3454857.21,2986446.41,468410.8,2016,12,thur,57.2,48 days
Australia and Oceania,Vanuatu,Vegetables,Online,L,17-05-2012,366653096,31-05-2012,9654,154.06,90.93,1487295.24,877838.22,609457.02,2012,5,wed,63.13,14 days
Sub-Saharan Africa,Burundi,Vegetables,Online,M,17-11-2010,951380240,20-12-2010,3410,154.06,90.93,525344.6,310071.3,215273.3,2010,11,tue,63.13,33 days
Europe,Ukraine,Cosmetics,Online,M,13-11-2014,270001733,01-01-2015,8368,437.2,263.33,3658489.6,2203545.44,1454944.16,2014,11,wed,173.87,49 days
Europe,Croatia,Beverages,Online,C,16-06-2016,681941401,28-07-2016,470,47.45,31.79,22301.5,14941.3,7360.2,2016,6,wed,15.66,42 days
Sub-Saharan Africa,Madagascar,Fruits,Online,L,31-05-2016,566935575,07-06-2016,7690,9.33,6.92,71747.7,53214.8,18532.9,2016,5,mon,2.41,7 days
Asia,Malaysia,Snacks,Offline,M,06-10-2012,175033080,05-11-2012,5033,152.58,97.44,767935.14,490415.52,277519.62,2012,10,fri,55.14,30 days
Asia,Uzbekistan,Office Supplies,Offline,L,10-03-2012,276595246,15-03-2012,9535,651.21,524.96,6209287.35,5005493.6,1203793.75,2012,3,fri,126.25,5 days
Europe,Italy,Office Supplies,Online,M,26-01-2011,812295901,13-02-2011,5263,651.21,524.96,3427318.23,2762864.48,664453.75,2011,1,tue,126.25,18 days
Asia,Nepal,Vegetables,Offline,C,02-06-2014,443121373,19-06-2014,8316,154.06,90.93,1281162.96,756173.88,524989.08,2014,6,sun,63.13,17 days
Australia and Oceania,Fiji,Personal Care,Offline,H,17-12-2016,600370490,25-01-2017,1824,81.73,56.67,149075.52,103366.08,45709.44,2016,12,fri,25.06,39 days
Europe,Portugal,Office Supplies,Online,L,27-06-2014,535654580,29-07-2014,949,651.21,524.96,617998.29,498187.04,119811.25,2014,6,thur,126.25,32 days
Central America and the Caribbean,Panama,Cosmetics,Offline,H,17-03-2015,470897471,22-04-2015,7881,437.2,263.33,3445573.2,2075303.73,1370269.47,2015,3,mon,173.87,36 days
Europe,Belarus,Beverages,Offline,L,03-04-2013,248335492,04-04-2013,6846,47.45,31.79,324842.7,217634.34,107208.36,2013,4,tue,15.66,1 days
Sub-Saharan Africa,Botswana,Clothes,Offline,C,08-03-2015,680517470,25-03-2015,9097,109.28,35.84,994120.16,326036.48,668083.68,2015,3,sat,73.44,17 days
Sub-Saharan Africa,Tanzania,Personal Care,Online,M,21-06-2013,400304734,29-07-2013,7921,81.73,56.67,647383.33,448883.07,198500.26,2013,6,thur,25.06,38 days
Europe,Romania,Office Supplies,Offline,C,06-01-2013,810871112,08-01-2013,3636,651.21,524.96,2367799.56,1908754.56,459045,2013,1,sat,126.25,2 days
Sub-Saharan Africa,Mali,Cereal,Online,L,17-03-2012,235702931,03-04-2012,8590,205.7,117.11,1766963,1005974.9,760988.1,2012,3,fri,88.59,17 days
Sub-Saharan Africa,Central African Republic,Office Supplies,Offline,C,18-04-2014,668599021,12-05-2014,2163,651.21,524.96,1408567.23,1135488.48,273078.75,2014,4,thur,126.25,24 days
Sub-Saharan Africa,Niger,Baby Food,Online,M,03-01-2016,123670709,01-02-2016,5766,255.28,159.42,1471944.48,919215.72,552728.76,2016,1,sat,95.86,29 days
Europe,Austria,Office Supplies,Online,L,12-05-2011,285341823,08-06-2011,7841,651.21,524.96,5106137.61,4116211.36,989926.25,2011,5,wed,126.25,27 days
Asia,India,Fruits,Online,H,29-07-2010,658348691,22-08-2010,8862,9.33,6.92,82682.46,61325.04,21357.42,2010,7,wed,2.41,24 days
Europe,Luxembourg,Baby Food,Offline,L,02-08-2013,817740142,19-08-2013,6335,255.28,159.42,1617198.8,1009925.7,607273.1,2013,8,thur,95.86,17 days
Sub-Saharan Africa,Cape Verde,Beverages,Offline,H,23-10-2013,858877503,06-11-2013,9794,47.45,31.79,464725.3,311351.26,153374.04,2013,10,tue,15.66,14 days
Europe,Sweden,Vegetables,Offline,M,05-02-2017,947434604,19-02-2017,5808,154.06,90.93,894780.48,528121.44,366659.04,2017,2,sat,63.13,14 days
Europe,Iceland,Meat,Offline,H,20-03-2015,869397771,17-04-2015,2975,421.89,364.69,1255122.75,1084952.75,170170,2015,3,thur,57.2,28 days
Middle East and North Africa,Qatar,Personal Care,Offline,L,06-05-2012,481065833,08-05-2012,6925,81.73,56.67,565980.25,392439.75,173540.5,2012,5,sat,25.06,2 days
Sub-Saharan Africa,South Sudan,Meat,Online,C,30-09-2013,159050118,01-10-2013,5319,421.89,364.69,2244032.91,1939786.11,304246.8,2013,9,sun,57.2,1 days
Europe,United Kingdom,Office Supplies,Online,M,20-05-2014,350274455,14-06-2014,2850,651.21,524.96,1855948.5,1496136,359812.5,2014,5,mon,126.25,25 days
Middle East and North Africa,Tunisia ,Cereal,Online,L,09-04-2010,221975171,17-05-2010,6241,205.7,117.11,1283773.7,730883.51,552890.19,2010,4,thur,88.59,38 days
North America,United States of America,Office Supplies,Online,C,09-06-2017,811701095,19-07-2017,9247,651.21,524.96,6021738.87,4854305.12,1167433.75,2017,6,thur,126.25,40 days
Sub-Saharan Africa,Liberia,Cereal,Online,L,08-02-2015,977313554,29-03-2015,7653,205.7,117.11,1574222.1,896242.83,677979.27,2015,2,sat,88.59,49 days
Sub-Saharan Africa,Eritrea,Snacks,Offline,L,25-01-2010,546986377,10-02-2010,4279,152.58,97.44,652889.82,416945.76,235944.06,2010,1,sun,55.14,16 days
Asia,South Korea,Fruits,Offline,L,07-03-2010,769205892,17-03-2010,3972,9.33,6.92,37058.76,27486.24,9572.52,2010,3,sat,2.41,10 days
Sub-Saharan Africa,Kenya,Clothes,Offline,M,03-01-2013,262770926,08-02-2013,8611,109.28,35.84,941010.08,308618.24,632391.84,2013,1,wed,73.44,36 days
Sub-Saharan Africa,Rwanda,Snacks,Online,M,06-03-2017,866792809,18-03-2017,2109,152.58,97.44,321791.22,205500.96,116290.26,2017,3,sun,55.14,12 days
Central America and the Caribbean,Cuba,Beverages,Offline,C,09-01-2011,890695369,23-02-2011,5408,47.45,31.79,256609.6,171920.32,84689.28,2011,1,sat,15.66,45 days
Middle East and North Africa,Libya,Cereal,Offline,M,27-03-2014,964214932,31-03-2014,1480,205.7,117.11,304436,173322.8,131113.2,2014,3,wed,88.59,4 days
Europe,Czech Republic,Snacks,Online,C,28-06-2013,887400329,17-08-2013,332,152.58,97.44,50656.56,32350.08,18306.48,2013,6,thur,55.14,50 days
Europe,Montenegro,Beverages,Offline,M,04-09-2011,980612885,04-09-2011,3999,47.45,31.79,189752.55,127128.21,62624.34,2011,9,sat,15.66,0 days
Europe,Montenegro,Clothes,Offline,M,14-07-2016,734526431,02-08-2016,1549,109.28,35.84,169274.72,55516.16,113758.56,2016,7,wed,73.44,19 days
Asia,Philippines,Baby Food,Online,L,23-02-2014,160127294,23-03-2014,4079,255.28,159.42,1041287.12,650274.18,391012.94,2014,2,sat,95.86,28 days
Central America and the Caribbean,El Salvador,Clothes,Offline,L,07-08-2010,238714301,13-09-2010,9721,109.28,35.84,1062310.88,348400.64,713910.24,2010,8,fri,73.44,37 days
Australia and Oceania,Tonga,Household,Online,M,14-01-2013,671898782,06-02-2013,8635,668.27,502.54,5770511.45,4339432.9,1431078.55,2013,1,sun,165.73,23 days
Sub-Saharan Africa,Democratic Republic of the Congo,Personal Care,Offline,H,30-09-2010,331604564,17-11-2010,8014,81.73,56.67,654984.22,454153.38,200830.84,2010,9,wed,25.06,48 days
Middle East and North Africa,Afghanistan,Cereal,Online,M,13-10-2016,410067975,20-11-2016,7081,205.7,117.11,1456561.7,829255.91,627305.79,2016,10,wed,88.59,38 days
Australia and Oceania,Tuvalu,Snacks,Offline,L,16-03-2011,369837844,23-03-2011,2091,152.58,97.44,319044.78,203747.04,115297.74,2011,3,tue,55.14,7 days
Sub-Saharan Africa,Sudan,Fruits,Online,L,26-12-2012,193775498,31-01-2013,1331,9.33,6.92,12418.23,9210.52,3207.71,2012,12,tue,2.41,36 days
Sub-Saharan Africa,Niger,Clothes,Online,M,02-09-2015,835054767,09-10-2015,117,109.28,35.84,12785.76,4193.28,8592.48,2015,9,tue,73.44,37 days
Sub-Saharan Africa,Gabon,Household,Offline,C,11-11-2013,167161977,24-12-2013,5798,668.27,502.54,3874629.46,2913726.92,960902.54,2013,11,sun,165.73,43 days
Australia and Oceania,East Timor,Vegetables,Offline,C,04-08-2014,633895957,22-08-2014,2755,154.06,90.93,424435.3,250512.15,173923.15,2014,8,sun,63.13,18 days
North America,United States of America,Clothes,Offline,C,21-10-2010,699368035,07-12-2010,7398,109.28,35.84,808453.44,265144.32,543309.12,2010,10,wed,73.44,47 days
Middle East and North Africa,Jordan,Vegetables,Offline,L,13-06-2015,698002040,29-07-2015,3170,154.06,90.93,488370.2,288248.1,200122.1,2015,6,fri,63.13,46 days
Europe,Cyprus,Snacks,Offline,H,29-03-2012,584534299,18-05-2012,5544,152.58,97.44,845903.52,540207.36,305696.16,2012,3,wed,55.14,50 days
Sub-Saharan Africa,Malawi,Vegetables,Online,L,22-06-2012,384013640,19-07-2012,7025,154.06,90.93,1082271.5,638783.25,443488.25,2012,6,thur,63.13,27 days
Europe,Iceland,Personal Care,Online,M,10-05-2013,641801393,24-05-2013,2149,81.73,56.67,175637.77,121783.83,53853.94,2013,5,thur,25.06,14 days
Middle East and North Africa,Israel,Personal Care,Online,M,10-12-2016,173571383,11-01-2017,2484,81.73,56.67,203017.32,140768.28,62249.04,2016,12,fri,25.06,32 days
Middle East and North Africa,United Arab Emirates,Snacks,Offline,H,20-03-2011,115309941,06-04-2011,1629,152.58,97.44,248552.82,158729.76,89823.06,2011,3,sat,55.14,17 days
Asia,China,Cosmetics,Offline,L,22-09-2011,773315894,04-11-2011,213,437.2,263.33,93123.6,56089.29,37034.31,2011,9,wed,173.87,43 days
Sub-Saharan Africa,Kenya,Beverages,Online,M,11-05-2012,274200570,26-06-2012,897,47.45,31.79,42562.65,28515.63,14047.02,2012,5,thur,15.66,46 days
Middle East and North Africa,Somalia,Clothes,Offline,M,15-11-2011,414887797,17-11-2011,3374,109.28,35.84,368710.72,120924.16,247786.56,2011,11,mon,73.44,2 days
Australia and Oceania,Tonga,Beverages,Offline,L,27-01-2010,812613904,29-01-2010,9367,47.45,31.79,444464.15,297776.93,146687.22,2010,1,tue,15.66,2 days
Asia,Bangladesh,Baby Food,Online,H,17-08-2011,254927718,07-09-2011,7632,255.28,159.42,1948296.96,1216693.44,731603.52,2011,8,tue,95.86,21 days
Middle East and North Africa,Egypt,Beverages,Offline,M,06-09-2014,749690568,26-10-2014,8954,47.45,31.79,424867.3,284647.66,140219.64,2014,9,fri,15.66,50 days
Sub-Saharan Africa,Eritrea,Cereal,Offline,C,03-09-2014,775076282,19-09-2014,1150,205.7,117.11,236555,134676.5,101878.5,2014,9,tue,88.59,16 days
Sub-Saharan Africa,Swaziland,Office Supplies,Online,H,05-09-2015,229571187,18-09-2015,4071,651.21,524.96,2651075.91,2137112.16,513963.75,2015,9,fri,126.25,13 days
Asia,Vietnam,Baby Food,Online,C,20-06-2011,881974112,11-07-2011,4594,255.28,159.42,1172756.32,732375.48,440380.84,2011,6,sun,95.86,21 days
Australia and Oceania,Marshall Islands,Snacks,Online,L,12-01-2012,521396386,14-02-2012,1632,152.58,97.44,249010.56,159022.08,89988.48,2012,1,wed,55.14,33 days
Asia,Taiwan,Household,Online,C,23-01-2017,607261836,22-02-2017,1127,668.27,502.54,753140.29,566362.58,186777.71,2017,1,sun,165.73,30 days
Europe,Ireland,Vegetables,Online,M,04-03-2012,419306790,12-03-2012,1052,154.06,90.93,162071.12,95658.36,66412.76,2012,3,sat,63.13,8 days
Sub-Saharan Africa,Rwanda,Meat,Offline,H,18-07-2010,207580077,18-07-2010,6413,421.89,364.69,2705580.57,2338756.97,366823.6,2010,7,sat,57.2,0 days
Europe,Sweden,Snacks,Online,M,12-04-2011,742443025,15-04-2011,4245,152.58,97.44,647702.1,413632.8,234069.3,2011,4,mon,55.14,3 days
Sub-Saharan Africa,Gabon,Snacks,Offline,M,03-10-2010,164569461,05-10-2010,8615,152.58,97.44,1314476.7,839445.6,475031.1,2010,10,sat,55.14,2 days
Sub-Saharan Africa,South Africa,Baby Food,Online,L,29-12-2013,734945714,12-02-2014,5624,255.28,159.42,1435694.72,896578.08,539116.64,2013,12,sat,95.86,45 days
Europe,United Kingdom,Clothes,Offline,C,19-09-2015,284870612,07-10-2015,8399,109.28,35.84,917842.72,301020.16,616822.56,2015,9,fri,73.44,18 days
Europe,Albania,Fruits,Offline,M,17-09-2011,765955483,07-10-2011,2104,9.33,6.92,19630.32,14559.68,5070.64,2011,9,fri,2.41,20 days
Asia,Malaysia,Snacks,Offline,H,11-03-2010,600124156,21-04-2010,8929,152.58,97.44,1362386.82,870041.76,492345.06,2010,3,wed,55.14,41 days
Sub-Saharan Africa,Ghana,Household,Offline,L,10-11-2012,529612958,11-12-2012,3098,668.27,502.54,2070300.46,1556868.92,513431.54,2012,11,fri,165.73,31 days
Central America and the Caribbean,Cuba,Clothes,Offline,H,16-02-2011,466970717,18-03-2011,5867,109.28,35.84,641145.76,210273.28,430872.48,2011,2,tue,73.44,30 days
Central America and the Caribbean,Saint Lucia,Cosmetics,Online,C,13-08-2012,845058763,22-09-2012,522,437.2,263.33,228218.4,137458.26,90760.14,2012,8,sun,173.87,40 days
Europe,Romania,Snacks,Offline,L,28-08-2014,367050921,31-08-2014,7379,152.58,97.44,1125887.82,719009.76,406878.06,2014,8,wed,55.14,3 days
Europe,Portugal,Office Supplies,Online,L,19-08-2015,956433522,12-09-2015,8788,651.21,524.96,5722833.48,4613348.48,1109485,2015,8,tue,126.25,24 days
Europe,Macedonia,Beverages,Online,C,20-03-2011,107005393,04-05-2011,4129,47.45,31.79,195921.05,131260.91,64660.14,2011,3,sat,15.66,45 days
Asia,China,Beverages,Offline,C,16-04-2013,332877862,07-05-2013,4811,47.45,31.79,228281.95,152941.69,75340.26,2013,4,mon,15.66,21 days
Europe,Germany,Baby Food,Online,L,13-11-2015,618474757,31-12-2015,9279,255.28,159.42,2368743.12,1479258.18,889484.94,2015,11,thur,95.86,48 days
Europe,Ireland,Household,Online,M,10-01-2014,468532407,11-02-2014,8006,668.27,502.54,5350169.62,4023335.24,1326834.38,2014,1,thur,165.73,32 days
Europe,Poland,Office Supplies,Offline,M,09-04-2015,358099639,29-04-2015,8496,651.21,524.96,5532680.16,4460060.16,1072620,2015,4,wed,126.25,20 days
Sub-Saharan Africa,Namibia,Household,Online,H,07-01-2013,382537782,27-01-2013,285,668.27,502.54,190456.95,143223.9,47233.05,2013,1,sun,165.73,20 days
Asia,Uzbekistan,Personal Care,Offline,H,12-02-2013,707520663,15-03-2013,9942,81.73,56.67,812559.66,563413.14,249146.52,2013,2,mon,25.06,31 days
Sub-Saharan Africa,Zimbabwe,Meat,Online,M,28-11-2014,219034612,10-12-2014,6064,421.89,364.69,2558340.96,2211480.16,346860.8,2014,11,thur,57.2,12 days
Asia,Mongolia,Meat,Offline,M,03-01-2015,573378455,17-01-2015,4281,421.89,364.69,1806111.09,1561237.89,244873.2,2015,1,fri,57.2,14 days
Europe,Norway,Personal Care,Online,H,03-02-2011,347163522,22-03-2011,2256,81.73,56.67,184382.88,127847.52,56535.36,2011,2,wed,25.06,47 days
Middle East and North Africa,Oman,Snacks,Offline,M,09-04-2013,887313640,21-04-2013,4679,152.58,97.44,713921.82,455921.76,258000.06,2013,4,mon,55.14,12 days
Europe,Serbia,Cosmetics,Online,H,26-07-2017,461065137,19-08-2017,8275,437.2,263.33,3617830,2179055.75,1438774.25,2017,7,tue,173.87,24 days
Sub-Saharan Africa,Democratic Republic of the Congo,Fruits,Offline,H,15-04-2017,105966842,19-05-2017,6798,9.33,6.92,63425.34,47042.16,16383.18,2017,4,fri,2.41,34 days
Europe,Bulgaria,Baby Food,Online,M,16-05-2014,479880082,23-05-2014,6035,255.28,159.42,1540614.8,962099.7,578515.1,2014,5,thur,95.86,7 days
Asia,Brunei,Baby Food,Online,H,12-08-2015,510978686,30-09-2015,8803,255.28,159.42,2247229.84,1403374.26,843855.58,2015,8,tue,95.86,49 days
Europe,Serbia,Snacks,Offline,C,20-09-2013,547748982,14-10-2013,9951,152.58,97.44,1518323.58,969625.44,548698.14,2013,9,thur,55.14,24 days
Sub-Saharan Africa,Ghana,Cereal,Offline,M,31-10-2013,108989799,09-12-2013,1358,205.7,117.11,279340.6,159035.38,120305.22,2013,10,wed,88.59,39 days
Sub-Saharan Africa,Malawi,Cereal,Offline,M,30-07-2014,133812463,09-08-2014,6936,205.7,117.11,1426735.2,812274.96,614460.24,2014,7,tue,88.59,10 days
Sub-Saharan Africa,Zimbabwe,Fruits,Offline,L,12-11-2011,731640803,30-12-2011,7627,9.33,6.92,71159.91,52778.84,18381.07,2011,11,fri,2.41,48 days
Europe,Cyprus,Snacks,Offline,C,25-03-2010,732211148,14-04-2010,6405,152.58,97.44,977274.9,624103.2,353171.7,2010,3,wed,55.14,20 days
Central America and the Caribbean,Nicaragua,Cereal,Online,M,04-07-2011,835572326,08-08-2011,3274,205.7,117.11,673461.8,383418.14,290043.66,2011,7,sun,88.59,35 days
Europe,Estonia,Baby Food,Offline,C,01-01-2011,462085664,15-01-2011,271,255.28,159.42,69180.88,43202.82,25978.06,2011,1,fri,95.86,14 days
Europe,Estonia,Clothes,Online,C,16-06-2016,902424991,04-07-2016,6463,109.28,35.84,706276.64,231633.92,474642.72,2016,6,wed,73.44,18 days
Europe,Lithuania,Fruits,Offline,H,17-12-2013,367576634,05-01-2014,2949,9.33,6.92,27514.17,20407.08,7107.09,2013,12,mon,2.41,19 days
Sub-Saharan Africa,Republic of the Congo,Meat,Offline,H,01-03-2017,738839423,31-03-2017,7859,421.89,364.69,3315633.51,2866098.71,449534.8,2017,3,tue,57.2,30 days
Europe,Czech Republic,Baby Food,Online,C,02-07-2010,817824685,27-07-2010,1353,255.28,159.42,345393.84,215695.26,129698.58,2010,7,thur,95.86,25 days
Sub-Saharan Africa,Cameroon,Snacks,Online,C,16-07-2013,376456248,01-08-2013,624,152.58,97.44,95209.92,60802.56,34407.36,2013,7,mon,55.14,16 days
Asia,Vietnam,Office Supplies,Online,H,16-08-2016,606970441,16-09-2016,4897,651.21,524.96,3188975.37,2570729.12,618246.25,2016,8,mon,126.25,31 days
Europe,Moldova ,Meat,Offline,L,16-12-2014,971916091,19-01-2015,424,421.89,364.69,178881.36,154628.56,24252.8,2014,12,mon,57.2,34 days
Middle East and North Africa,Bahrain,Office Supplies,Offline,L,14-05-2012,554154527,15-05-2012,5494,651.21,524.96,3577747.74,2884130.24,693617.5,2012,5,sun,126.25,1 days
Europe,Hungary,Household,Online,L,18-07-2017,306859576,19-07-2017,5423,668.27,502.54,3624028.21,2725274.42,898753.79,2017,7,mon,165.73,1 days
Australia and Oceania,Marshall Islands,Personal Care,Offline,L,09-07-2017,803517568,21-07-2017,7559,81.73,56.67,617797.07,428368.53,189428.54,2017,7,sat,25.06,12 days
Middle East and North Africa,Iraq,Office Supplies,Online,C,30-09-2011,887927329,02-10-2011,6283,651.21,524.96,4091552.43,3298323.68,793228.75,2011,9,thur,126.25,2 days
Europe,Albania,Vegetables,Online,H,24-11-2015,824200189,26-11-2015,8006,154.06,90.93,1233404.36,727985.58,505418.78,2015,11,mon,63.13,2 days
Sub-Saharan Africa,Lesotho,Office Supplies,Online,H,14-08-2012,946759974,14-09-2012,6170,651.21,524.96,4017965.7,3239003.2,778962.5,2012,8,mon,126.25,31 days
Middle East and North Africa,Lebanon,Clothes,Offline,H,06-12-2015,310343015,28-12-2015,6249,109.28,35.84,682890.72,223964.16,458926.56,2015,12,sat,73.44,22 days
Europe,Hungary,Vegetables,Online,C,25-05-2014,739998137,09-07-2014,748,154.06,90.93,115236.88,68015.64,47221.24,2014,5,sat,63.13,45 days
Asia,Japan,Beverages,Online,H,18-10-2012,981086671,21-11-2012,4203,47.45,31.79,199432.35,133613.37,65818.98,2012,10,wed,15.66,34 days
Europe,Georgia,Office Supplies,Offline,L,13-03-2013,749282443,25-03-2013,8180,651.21,524.96,5326897.8,4294172.8,1032725,2013,3,tue,126.25,12 days
Europe,Estonia,Office Supplies,Online,C,23-02-2011,280571782,11-03-2011,6280,651.21,524.96,4089598.8,3296748.8,792850,2011,2,tue,126.25,16 days
Europe,Luxembourg,Household,Online,C,15-08-2014,781253516,01-09-2014,9131,668.27,502.54,6101973.37,4588692.74,1513280.63,2014,8,thur,165.73,17 days
Sub-Saharan Africa,Swaziland,Personal Care,Online,H,06-07-2017,377938973,11-07-2017,9396,81.73,56.67,767935.08,532471.32,235463.76,2017,7,wed,25.06,5 days
Europe,Romania,Clothes,Offline,C,31-12-2010,867551982,03-01-2011,6765,109.28,35.84,739279.2,242457.6,496821.6,2010,12,thur,73.44,3 days
Sub-Saharan Africa,Ethiopia,Personal Care,Offline,C,13-01-2010,967328870,15-01-2010,2964,81.73,56.67,242247.72,167969.88,74277.84,2010,1,tue,25.06,2 days
Sub-Saharan Africa,Chad,Office Supplies,Offline,C,17-09-2011,364818465,16-10-2011,6746,651.21,524.96,4393062.66,3541380.16,851682.5,2011,9,fri,126.25,29 days
Middle East and North Africa,Morocco,Office Supplies,Online,C,08-03-2014,167882096,31-03-2014,8898,651.21,524.96,5794466.58,4671094.08,1123372.5,2014,3,fri,126.25,23 days
North America,Mexico,Clothes,Online,H,18-11-2012,654693591,01-12-2012,7237,109.28,35.84,790859.36,259374.08,531485.28,2012,11,sat,73.44,13 days
Sub-Saharan Africa,Nigeria,Personal Care,Offline,H,18-11-2011,823739278,29-12-2011,1612,81.73,56.67,131748.76,91352.04,40396.72,2011,11,thur,25.06,41 days
Central America and the Caribbean,Trinidad and Tobago,Beverages,Offline,L,12-07-2012,643817985,19-08-2012,8904,47.45,31.79,422494.8,283058.16,139436.64,2012,7,wed,15.66,38 days
Europe,Moldova ,Personal Care,Offline,H,30-03-2017,604041039,15-05-2017,8022,81.73,56.67,655638.06,454606.74,201031.32,2017,3,wed,25.06,46 days
Australia and Oceania,Solomon Islands,Personal Care,Online,H,26-07-2010,363832271,12-09-2010,4909,81.73,56.67,401212.57,278193.03,123019.54,2010,7,sun,25.06,48 days
Asia,India,Personal Care,Online,L,24-12-2015,102928006,31-01-2016,7539,81.73,56.67,616162.47,427235.13,188927.34,2015,12,wed,25.06,38 days
Sub-Saharan Africa,Burkina Faso,Office Supplies,Offline,M,15-05-2016,971377074,15-05-2016,917,651.21,524.96,597159.57,481388.32,115771.25,2016,5,sat,126.25,0 days
Australia and Oceania,Kiribati,Meat,Online,L,03-11-2010,139540803,04-12-2010,2079,421.89,364.69,877109.31,758190.51,118918.8,2010,11,tue,57.2,31 days
Middle East and North Africa,Israel,Meat,Offline,M,01-12-2010,248093020,16-12-2010,5093,421.89,364.69,2148685.77,1857366.17,291319.6,2010,12,tue,57.2,15 days
Sub-Saharan Africa,Comoros,Snacks,Offline,L,16-01-2014,858020055,17-01-2014,6056,152.58,97.44,924024.48,590096.64,333927.84,2014,1,wed,55.14,1 days
Middle East and North Africa,Iran,Baby Food,Offline,H,11-12-2014,700620734,05-01-2015,8099,255.28,159.42,2067512.72,1291142.58,776370.14,2014,12,wed,95.86,25 days
Asia,Vietnam,Cosmetics,Offline,L,24-12-2016,827506387,30-01-2017,6384,437.2,263.33,2791084.8,1681098.72,1109986.08,2016,12,fri,173.87,37 days
Central America and the Caribbean,Belize,Household,Online,M,21-03-2013,560600841,14-04-2013,3101,668.27,502.54,2072305.27,1558376.54,513928.73,2013,3,wed,165.73,24 days
Europe,Belarus,Personal Care,Offline,H,08-12-2012,642140424,16-01-2013,2476,81.73,56.67,202363.48,140314.92,62048.56,2012,12,fri,25.06,39 days
North America,United States of America,Baby Food,Offline,C,13-02-2015,984673964,05-03-2015,5763,255.28,159.42,1471178.64,918737.46,552441.18,2015,2,thur,95.86,20 days
Europe,Poland,Beverages,Online,L,28-03-2012,221062791,18-04-2012,6247,47.45,31.79,296420.15,198592.13,97828.02,2012,3,tue,15.66,21 days
North America,Canada,Vegetables,Offline,L,07-10-2016,654480731,08-11-2016,4247,154.06,90.93,654292.82,386179.71,268113.11,2016,10,thur,63.13,32 days
Middle East and North Africa,Israel,Beverages,Offline,C,15-12-2011,608414113,23-12-2011,2111,47.45,31.79,100166.95,67108.69,33058.26,2011,12,wed,15.66,8 days
Middle East and North Africa,Lebanon,Household,Online,L,08-03-2016,276661765,20-04-2016,9219,668.27,502.54,6160781.13,4632916.26,1527864.87,2016,3,mon,165.73,43 days
Europe,Andorra,Baby Food,Online,L,18-01-2011,373335015,28-02-2011,6982,255.28,159.42,1782364.96,1113070.44,669294.52,2011,1,mon,95.86,41 days
Europe,Slovakia,Clothes,Online,L,11-04-2013,782857692,28-05-2013,3843,109.28,35.84,419963.04,137733.12,282229.92,2013,4,wed,73.44,47 days
Sub-Saharan Africa,Liberia,Fruits,Online,H,18-05-2010,109966123,05-06-2010,274,9.33,6.92,2556.42,1896.08,660.34,2010,5,mon,2.41,18 days
Central America and the Caribbean,Antigua and Barbuda ,Cereal,Offline,M,05-06-2017,629709136,06-06-2017,3782,205.7,117.11,777957.4,442910.02,335047.38,2017,6,sun,88.59,1 days
Asia,China,Personal Care,Online,L,11-09-2012,637448060,15-09-2012,3901,81.73,56.67,318828.73,221069.67,97759.06,2012,9,mon,25.06,4 days
Sub-Saharan Africa,Niger,Baby Food,Online,H,08-03-2017,298856723,03-04-2017,7200,255.28,159.42,1838016,1147824,690192,2017,3,tue,95.86,26 days
Europe,United Kingdom,Household,Offline,L,28-01-2015,299921452,23-02-2015,2278,668.27,502.54,1522319.06,1144786.12,377532.94,2015,1,tue,165.73,26 days
Asia,Bangladesh,Personal Care,Offline,M,26-07-2010,496941077,29-07-2010,4763,81.73,56.67,389279.99,269919.21,119360.78,2010,7,sun,25.06,3 days
Asia,Myanmar,Snacks,Online,L,24-06-2016,366526925,14-07-2016,2317,152.58,97.44,353527.86,225768.48,127759.38,2016,6,thur,55.14,20 days
Australia and Oceania,Tonga,Meat,Offline,M,18-08-2012,355602824,15-09-2012,9633,421.89,364.69,4064066.37,3513058.77,551007.6,2012,8,fri,57.2,28 days
Sub-Saharan Africa,Guinea-Bissau,Vegetables,Online,C,11-03-2010,531405103,19-04-2010,3434,154.06,90.93,529042.04,312253.62,216788.42,2010,3,wed,63.13,39 days
Australia and Oceania,Nauru,Vegetables,Offline,M,14-01-2010,131482589,20-01-2010,7475,154.06,90.93,1151598.5,679701.75,471896.75,2010,1,wed,63.13,6 days
Sub-Saharan Africa,Swaziland,Cereal,Online,L,10-02-2014,713696610,28-03-2014,7542,205.7,117.11,1551389.4,883243.62,668145.78,2014,2,sun,88.59,46 days
Europe,Finland,Vegetables,Online,C,21-01-2014,306220996,30-01-2014,6452,154.06,90.93,993995.12,586680.36,407314.76,2014,1,mon,63.13,9 days
Australia and Oceania,Papua New Guinea,Household,Offline,L,28-02-2010,157542073,15-03-2010,9055,668.27,502.54,6051184.85,4550499.7,1500685.15,2010,2,sat,165.73,15 days
Sub-Saharan Africa,Mauritius ,Personal Care,Online,L,18-02-2015,686458671,08-03-2015,7230,81.73,56.67,590907.9,409724.1,181183.8,2015,2,tue,25.06,18 days
Sub-Saharan Africa,Mozambique,Office Supplies,Online,M,14-06-2012,132082116,22-07-2012,4888,651.21,524.96,3183114.48,2566004.48,617110,2012,6,wed,126.25,38 days
Europe,Bulgaria,Clothes,Online,L,05-03-2013,403836238,03-04-2013,2972,109.28,35.84,324780.16,106516.48,218263.68,2013,3,mon,73.44,29 days
Europe,Spain,Household,Online,C,10-04-2014,331457364,23-04-2014,4455,668.27,502.54,2977142.85,2238815.7,738327.15,2014,4,wed,165.73,13 days
Australia and Oceania,Vanuatu,Meat,Online,H,26-07-2017,614994323,12-09-2017,9341,421.89,364.69,3940874.49,3406569.29,534305.2,2017,7,tue,57.2,48 days
Europe,Belgium,Fruits,Offline,L,19-10-2010,674808442,24-10-2010,9669,9.33,6.92,90211.77,66909.48,23302.29,2010,10,mon,2.41,5 days
Europe,Belgium,Baby Food,Offline,L,08-11-2016,901573550,23-12-2016,4503,255.28,159.42,1149525.84,717868.26,431657.58,2016,11,mon,95.86,45 days
Sub-Saharan Africa,Guinea-Bissau,Clothes,Online,L,31-03-2014,406275975,10-05-2014,4944,109.28,35.84,540280.32,177192.96,363087.36,2014,3,sun,73.44,40 days
Sub-Saharan Africa,Togo,Vegetables,Online,C,18-08-2016,170214545,19-08-2016,9121,154.06,90.93,1405181.26,829372.53,575808.73,2016,8,wed,63.13,1 days
Sub-Saharan Africa,Cote d'Ivoire,Personal Care,Offline,C,03-01-2016,795000588,08-01-2016,7196,81.73,56.67,588129.08,407797.32,180331.76,2016,1,sat,25.06,5 days
Sub-Saharan Africa,Republic of the Congo,Fruits,Offline,C,21-10-2016,252557933,04-11-2016,6360,9.33,6.92,59338.8,44011.2,15327.6,2016,10,thur,2.41,14 days
Middle East and North Africa,Libya,Baby Food,Offline,M,10-12-2016,635122907,13-12-2016,5837,255.28,159.42,1490069.36,930534.54,559534.82,2016,12,fri,95.86,3 days
Australia and Oceania,East Timor,Vegetables,Online,C,12-08-2011,505244338,19-09-2011,1882,154.06,90.93,289940.92,171130.26,118810.66,2011,8,thur,63.13,38 days
Europe,Switzerland,Clothes,Offline,H,23-03-2012,745783555,09-05-2012,2782,109.28,35.84,304016.96,99706.88,204310.08,2012,3,thur,73.44,47 days
Australia and Oceania,Palau,Snacks,Offline,M,27-04-2012,509914386,11-06-2012,3853,152.58,97.44,587890.74,375436.32,212454.42,2012,4,thur,55.14,45 days
Middle East and North Africa,Jordan,Household,Online,M,29-01-2014,371123158,09-02-2014,2445,668.27,502.54,1633920.15,1228710.3,405209.85,2014,1,tue,165.73,11 days
Europe,Slovenia,Household,Online,H,13-12-2016,973208701,28-12-2016,2936,668.27,502.54,1962040.72,1475457.44,486583.28,2016,12,mon,165.73,15 days
Asia,South Korea,Baby Food,Online,L,21-11-2013,780282342,27-12-2013,1739,255.28,159.42,443931.92,277231.38,166700.54,2013,11,wed,95.86,36 days
Europe,Norway,Clothes,Online,H,07-04-2010,126767909,22-05-2010,2296,109.28,35.84,250906.88,82288.64,168618.24,2010,4,tue,73.44,45 days
Middle East and North Africa,Afghanistan,Baby Food,Online,M,08-07-2012,767401731,30-07-2012,80,255.28,159.42,20422.4,12753.6,7668.8,2012,7,sat,95.86,22 days
Asia,Bangladesh,Personal Care,Online,L,15-10-2016,927232635,24-11-2016,7597,81.73,56.67,620902.81,430521.99,190380.82,2016,10,fri,25.06,40 days
Sub-Saharan Africa,Guinea,Meat,Offline,M,18-09-2012,251621949,20-10-2012,9381,421.89,364.69,3957750.09,3421156.89,536593.2,2012,9,mon,57.2,32 days
Central America and the Caribbean,Cuba,Office Supplies,Offline,H,02-07-2017,256243503,23-07-2017,7002,651.21,524.96,4559772.42,3675769.92,884002.5,2017,7,sat,126.25,21 days
Europe,Russia,Cosmetics,Offline,C,21-07-2011,277083623,02-09-2011,4056,437.2,263.33,1773283.2,1068066.48,705216.72,2011,7,wed,173.87,43 days
Sub-Saharan Africa,Seychelles ,Vegetables,Offline,L,01-06-2010,620441138,22-06-2010,1175,154.06,90.93,181020.5,106842.75,74177.75,2010,6,mon,63.13,21 days
Asia,South Korea,Office Supplies,Offline,M,26-07-2015,312927377,07-09-2015,1020,651.21,524.96,664234.2,535459.2,128775,2015,7,sat,126.25,43 days
Sub-Saharan Africa,Ghana,Baby Food,Offline,L,06-08-2010,251466166,08-09-2010,3282,255.28,159.42,837828.96,523216.44,314612.52,2010,8,thur,95.86,33 days
Central America and the Caribbean,Costa Rica,Office Supplies,Online,H,20-06-2010,953293836,22-07-2010,9685,651.21,524.96,6306968.85,5084237.6,1222731.25,2010,6,sat,126.25,32 days
Europe,Romania,Cereal,Online,C,08-04-2012,305959212,23-04-2012,8985,205.7,117.11,1848214.5,1052233.35,795981.15,2012,4,sat,88.59,15 days
Europe,Czech Republic,Cereal,Online,L,27-02-2014,317323625,24-03-2014,1967,205.7,117.11,404611.9,230355.37,174256.53,2014,2,wed,88.59,25 days
Europe,Liechtenstein,Household,Offline,L,25-07-2011,365560901,01-09-2011,6449,668.27,502.54,4309673.23,3240880.46,1068792.77,2011,7,sun,165.73,38 days
Sub-Saharan Africa,Seychelles ,Baby Food,Online,M,18-02-2016,349157369,05-04-2016,2279,255.28,159.42,581783.12,363318.18,218464.94,2016,2,wed,95.86,47 days
Middle East and North Africa,Somalia,Baby Food,Online,L,24-01-2014,236911857,25-02-2014,6338,255.28,159.42,1617964.64,1010403.96,607560.68,2014,1,thur,95.86,32 days
Australia and Oceania,Solomon Islands,Personal Care,Offline,H,10-05-2015,517935693,16-06-2015,7536,81.73,56.67,615917.28,427065.12,188852.16,2015,5,sat,25.06,37 days
Sub-Saharan Africa,Uganda,Clothes,Offline,C,13-02-2012,851652705,27-03-2012,1816,109.28,35.84,198452.48,65085.44,133367.04,2012,2,sun,73.44,43 days
Sub-Saharan Africa,Equatorial Guinea,Cereal,Offline,M,07-09-2012,517799222,23-10-2012,7151,205.7,117.11,1470960.7,837453.61,633507.09,2012,9,thur,88.59,46 days
Central America and the Caribbean,Costa Rica,Office Supplies,Offline,C,04-02-2015,666424071,04-03-2015,8547,651.21,524.96,5565891.87,4486833.12,1079058.75,2015,2,tue,126.25,28 days
Europe,Moldova ,Fruits,Offline,C,16-11-2010,267888581,22-12-2010,3039,9.33,6.92,28353.87,21029.88,7323.99,2010,11,mon,2.41,36 days
Sub-Saharan Africa,Burkina Faso,Vegetables,Online,L,20-07-2011,162866580,26-07-2011,4695,154.06,90.93,723311.7,426916.35,296395.35,2011,7,tue,63.13,6 days
Central America and the Caribbean,Guatemala,Beverages,Offline,H,26-07-2014,812344396,30-08-2014,9614,47.45,31.79,456184.3,305629.06,150555.24,2014,7,fri,15.66,35 days
Sub-Saharan Africa,Swaziland,Meat,Online,M,24-08-2014,947620856,03-09-2014,924,421.89,364.69,389826.36,336973.56,52852.8,2014,8,sat,57.2,10 days
Asia,Maldives,Vegetables,Online,H,25-02-2015,720307290,28-03-2015,3789,154.06,90.93,583733.34,344533.77,239199.57,2015,2,tue,63.13,31 days
Asia,Thailand,Household,Online,H,21-09-2016,352327525,27-10-2016,399,668.27,502.54,266639.73,200513.46,66126.27,2016,9,tue,165.73,36 days
Sub-Saharan Africa,Sudan,Household,Online,C,28-06-2013,585917890,23-07-2013,4979,668.27,502.54,3327316.33,2502146.66,825169.67,2013,6,thur,165.73,25 days
Central America and the Caribbean,Costa Rica,Meat,Offline,L,05-01-2012,433627212,13-02-2012,8783,421.89,364.69,3705459.87,3203072.27,502387.6,2012,1,wed,57.2,39 days
Europe,Denmark,Beverages,Online,C,01-05-2012,328316819,30-05-2012,5098,47.45,31.79,241900.1,162065.42,79834.68,2012,5,mon,15.66,29 days
Sub-Saharan Africa,Angola,Cereal,Offline,C,13-10-2011,773160541,21-11-2011,4240,205.7,117.11,872168,496546.4,375621.6,2011,10,wed,88.59,39 days
Australia and Oceania,Papua New Guinea,Household,Online,M,27-04-2016,991644704,18-05-2016,8559,668.27,502.54,5719722.93,4301239.86,1418483.07,2016,4,tue,165.73,21 days
Asia,North Korea,Meat,Online,M,19-01-2014,277568137,07-02-2014,7435,421.89,364.69,3136752.15,2711470.15,425282,2014,1,sat,57.2,19 days
Central America and the Caribbean,El Salvador,Fruits,Online,C,06-11-2016,245042169,15-12-2016,2278,9.33,6.92,21253.74,15763.76,5489.98,2016,11,sat,2.41,39 days
Sub-Saharan Africa,Burkina Faso,Household,Online,M,28-02-2011,778490626,24-03-2011,1531,668.27,502.54,1023121.37,769388.74,253732.63,2011,2,sun,165.73,24 days
Middle East and North Africa,Yemen,Baby Food,Online,C,11-10-2014,482649838,13-11-2014,5668,255.28,159.42,1446927.04,903592.56,543334.48,2014,10,fri,95.86,33 days
Sub-Saharan Africa,Republic of the Congo,Beverages,Online,L,25-06-2012,732568633,05-07-2012,2193,47.45,31.79,104057.85,69715.47,34342.38,2012,6,sun,15.66,10 days
Europe,Andorra,Household,Online,M,06-11-2012,723608338,23-11-2012,642,668.27,502.54,429029.34,322630.68,106398.66,2012,11,mon,165.73,17 days
Central America and the Caribbean,Dominican Republic,Household,Offline,H,24-02-2014,621442782,14-04-2014,7584,668.27,502.54,5068159.68,3811263.36,1256896.32,2014,2,sun,165.73,49 days
Middle East and North Africa,Israel,Baby Food,Offline,M,19-09-2015,212058293,06-10-2015,1616,255.28,159.42,412532.48,257622.72,154909.76,2015,9,fri,95.86,17 days
Australia and Oceania,Solomon Islands,Snacks,Offline,L,04-03-2014,251753699,24-03-2014,8369,152.58,97.44,1276942.02,815475.36,461466.66,2014,3,mon,55.14,20 days
Sub-Saharan Africa,Liberia,Fruits,Online,M,08-10-2014,217140328,30-10-2014,5503,9.33,6.92,51342.99,38080.76,13262.23,2014,10,tue,2.41,22 days
Sub-Saharan Africa,Mali,Vegetables,Online,C,19-06-2012,555142009,10-07-2012,7712,154.06,90.93,1188110.72,701252.16,486858.56,2012,6,mon,63.13,21 days
Asia,Uzbekistan,Clothes,Online,C,11-11-2010,432995069,13-12-2010,1718,109.28,35.84,187743.04,61573.12,126169.92,2010,11,wed,73.44,32 days
Middle East and North Africa,Tunisia ,Personal Care,Offline,H,01-11-2010,888248336,07-11-2010,1276,81.73,56.67,104287.48,72310.92,31976.56,2010,11,sun,25.06,6 days
Europe,Vatican City,Vegetables,Online,C,28-04-2014,778763139,09-05-2014,2173,154.06,90.93,334772.38,197590.89,137181.49,2014,4,sun,63.13,11 days
Sub-Saharan Africa,Djibouti,Snacks,Offline,H,22-12-2012,832713305,09-02-2013,7227,152.58,97.44,1102695.66,704198.88,398496.78,2012,12,fri,55.14,49 days
Europe,Ukraine,Household,Offline,M,25-08-2014,498585164,29-09-2014,1285,668.27,502.54,858726.95,645763.9,212963.05,2014,8,sun,165.73,35 days
Australia and Oceania,East Timor,Fruits,Offline,M,26-11-2016,195177543,23-12-2016,6227,9.33,6.92,58097.91,43090.84,15007.07,2016,11,fri,2.41,27 days
Sub-Saharan Africa,Uganda,Cereal,Online,C,20-10-2010,861601769,02-12-2010,5965,205.7,117.11,1227000.5,698561.15,528439.35,2010,10,tue,88.59,43 days
Sub-Saharan Africa,Guinea,Meat,Online,H,18-12-2014,807281672,26-01-2015,1441,421.89,364.69,607943.49,525518.29,82425.2,2014,12,wed,57.2,39 days
Sub-Saharan Africa,Equatorial Guinea,Clothes,Offline,H,20-03-2011,661953580,24-04-2011,5629,109.28,35.84,615137.12,201743.36,413393.76,2011,3,sat,73.44,35 days
Europe,Malta,Cosmetics,Online,M,12-07-2016,225666320,21-08-2016,8534,437.2,263.33,3731064.8,2247258.22,1483806.58,2016,7,mon,173.87,40 days
Europe,Cyprus,Household,Offline,L,26-01-2011,718781220,19-02-2011,2191,668.27,502.54,1464179.57,1101065.14,363114.43,2011,1,tue,165.73,24 days
Europe,Czech Republic,Office Supplies,Online,L,24-02-2010,731972110,15-04-2010,5668,651.21,524.96,3691058.28,2975473.28,715585,2010,2,tue,126.25,50 days
Middle East and North Africa,Libya,Vegetables,Online,C,02-01-2015,276225316,09-02-2015,64,154.06,90.93,9859.84,5819.52,4040.32,2015,1,thur,63.13,38 days
Asia,Vietnam,Office Supplies,Offline,C,26-07-2016,332839667,27-07-2016,3509,651.21,524.96,2285095.89,1842084.64,443011.25,2016,7,mon,126.25,1 days
Middle East and North Africa,Jordan,Vegetables,Online,C,01-06-2014,603426492,15-06-2014,6163,154.06,90.93,949471.78,560401.59,389070.19,2014,6,sat,63.13,14 days
Sub-Saharan Africa,Mali,Beverages,Offline,H,21-12-2012,859909617,29-01-2013,5220,47.45,31.79,247689,165943.8,81745.2,2012,12,thur,15.66,39 days
Europe,Czech Republic,Household,Online,L,27-02-2010,494525372,02-03-2010,9902,668.27,502.54,6617209.54,4976151.08,1641058.46,2010,2,fri,165.73,3 days
Europe,Slovakia,Vegetables,Online,M,24-04-2016,769822585,15-05-2016,6465,154.06,90.93,995997.9,587862.45,408135.45,2016,4,sat,63.13,21 days
Sub-Saharan Africa,Zimbabwe,Vegetables,Offline,C,22-07-2012,768662583,10-08-2012,3195,154.06,90.93,492221.7,290521.35,201700.35,2012,7,sat,63.13,19 days
Central America and the Caribbean,Honduras,Cereal,Online,M,22-02-2015,544219195,09-03-2015,5409,205.7,117.11,1112631.3,633447.99,479183.31,2015,2,sat,88.59,15 days
Europe,Switzerland,Beverages,Offline,L,10-02-2011,669978749,20-03-2011,455,47.45,31.79,21589.75,14464.45,7125.3,2011,2,wed,15.66,38 days
Sub-Saharan Africa,South Africa,Cosmetics,Offline,L,21-01-2015,889740073,26-01-2015,2715,437.2,263.33,1186998,714940.95,472057.05,2015,1,tue,173.87,5 days
Sub-Saharan Africa,Uganda,Beverages,Online,M,10-05-2012,567614495,28-06-2012,8598,47.45,31.79,407975.1,273330.42,134644.68,2012,5,wed,15.66,49 days
Middle East and North Africa,Iran,Vegetables,Offline,M,16-12-2015,938025844,21-01-2016,1547,154.06,90.93,238330.82,140668.71,97662.11,2015,12,tue,63.13,36 days
Middle East and North Africa,Algeria,Vegetables,Online,C,25-02-2017,155710446,25-02-2017,7036,154.06,90.93,1083966.16,639783.48,444182.68,2017,2,fri,63.13,0 days
Sub-Saharan Africa,Central African Republic,Baby Food,Online,L,31-01-2012,945717132,13-02-2012,7570,255.28,159.42,1932469.6,1206809.4,725660.2,2012,1,mon,95.86,13 days
Central America and the Caribbean,The Bahamas,Cosmetics,Offline,C,07-02-2013,253407227,15-02-2013,7685,437.2,263.33,3359882,2023691.05,1336190.95,2013,2,wed,173.87,8 days
Sub-Saharan Africa,South Africa,Household,Offline,H,14-09-2014,494454562,22-09-2014,8948,668.27,502.54,5979679.96,4496727.92,1482952.04,2014,9,sat,165.73,8 days
Sub-Saharan Africa,Benin,Cereal,Online,M,05-06-2012,104845464,24-07-2012,4957,205.7,117.11,1019654.9,580514.27,439140.63,2012,6,mon,88.59,49 days
Europe,Hungary,Cosmetics,Online,M,05-04-2014,290878760,07-04-2014,6344,437.2,263.33,2773596.8,1670565.52,1103031.28,2014,4,fri,173.87,2 days
Europe,Austria,Office Supplies,Offline,C,02-02-2014,979165780,10-02-2014,5768,651.21,524.96,3756179.28,3027969.28,728210,2014,2,sat,126.25,8 days
Asia,Tajikistan,Office Supplies,Offline,C,01-09-2010,366630351,12-10-2010,2923,651.21,524.96,1903486.83,1534458.08,369028.75,2010,9,tue,126.25,41 days
Europe,Portugal,Office Supplies,Online,C,17-05-2011,770508801,25-06-2011,9532,651.21,524.96,6207333.72,5003918.72,1203415,2011,5,mon,126.25,39 days
Europe,Belgium,Beverages,Offline,M,21-04-2013,978349959,21-05-2013,4349,47.45,31.79,206360.05,138254.71,68105.34,2013,4,sat,15.66,30 days
Europe,Slovenia,Beverages,Offline,L,10-08-2014,298015153,14-08-2014,8161,47.45,31.79,387239.45,259438.19,127801.26,2014,8,sat,15.66,4 days
Europe,Czech Republic,Snacks,Online,M,19-09-2010,807678210,30-10-2010,8786,152.58,97.44,1340567.88,856107.84,484460.04,2010,9,sat,55.14,41 days
Australia and Oceania,Marshall Islands,Personal Care,Offline,C,13-04-2013,605825459,14-05-2013,6071,81.73,56.67,496182.83,344043.57,152139.26,2013,4,fri,25.06,31 days
Sub-Saharan Africa,Sudan,Fruits,Online,C,28-01-2016,561255729,01-02-2016,6897,9.33,6.92,64349.01,47727.24,16621.77,2016,1,wed,2.41,4 days
Central America and the Caribbean,Dominican Republic,Clothes,Online,H,09-12-2013,263080346,14-12-2013,175,109.28,35.84,19124,6272,12852,2013,12,sun,73.44,5 days
Sub-Saharan Africa,Tanzania,Cereal,Offline,C,21-02-2014,270723140,09-03-2014,1848,205.7,117.11,380133.6,216419.28,163714.32,2014,2,thur,88.59,16 days
Europe,Switzerland,Clothes,Offline,H,09-06-2017,763920438,10-07-2017,9888,109.28,35.84,1080560.64,354385.92,726174.72,2017,6,thur,73.44,31 days
North America,Greenland,Household,Online,L,17-04-2014,192721068,20-05-2014,9302,668.27,502.54,6216247.54,4674627.08,1541620.46,2014,4,wed,165.73,33 days
Australia and Oceania,Tonga,Fruits,Offline,L,20-05-2011,227486360,08-06-2011,7124,9.33,6.92,66466.92,49298.08,17168.84,2011,5,thur,2.41,19 days
Middle East and North Africa,Saudi Arabia,Vegetables,Online,M,28-08-2012,808890140,22-09-2012,7422,154.06,90.93,1143433.32,674882.46,468550.86,2012,8,mon,63.13,25 days
Central America and the Caribbean,Belize,Cosmetics,Offline,C,25-07-2015,597918736,11-09-2015,6296,437.2,263.33,2752611.2,1657925.68,1094685.52,2015,7,fri,173.87,48 days
Sub-Saharan Africa,Angola,Cosmetics,Online,H,27-10-2014,125870978,20-11-2014,6874,437.2,263.33,3005312.8,1810130.42,1195182.38,2014,10,sun,173.87,24 days
Asia,Malaysia,Household,Online,H,18-10-2013,444358193,21-10-2013,4319,668.27,502.54,2886258.13,2170470.26,715787.87,2013,10,thur,165.73,3 days
Sub-Saharan Africa,Ethiopia,Beverages,Online,C,15-02-2013,875304210,12-03-2013,822,47.45,31.79,39003.9,26131.38,12872.52,2013,2,thur,15.66,25 days
North America,Greenland,Baby Food,Offline,C,08-07-2014,360945355,16-08-2014,607,255.28,159.42,154954.96,96767.94,58187.02,2014,7,mon,95.86,39 days
Sub-Saharan Africa,Benin,Cereal,Offline,C,12-12-2016,613830459,16-01-2017,4928,205.7,117.11,1013689.6,577118.08,436571.52,2016,12,sun,88.59,35 days
Middle East and North Africa,Yemen,Cereal,Offline,H,24-11-2012,266820847,10-12-2012,7073,205.7,117.11,1454916.1,828319.03,626597.07,2012,11,fri,88.59,16 days
Sub-Saharan Africa,Rwanda,Baby Food,Offline,M,03-11-2014,723090350,27-11-2014,7358,255.28,159.42,1878350.24,1173012.36,705337.88,2014,11,sun,95.86,24 days
Sub-Saharan Africa,Mauritania,Meat,Offline,M,03-08-2013,306125295,15-08-2013,8132,421.89,364.69,3430809.48,2965659.08,465150.4,2013,8,fri,57.2,12 days
Australia and Oceania,New Zealand,Personal Care,Online,L,23-05-2012,109724509,16-06-2012,8775,81.73,56.67,717180.75,497279.25,219901.5,2012,5,tue,25.06,24 days
Australia and Oceania,Samoa ,Clothes,Offline,M,22-07-2015,847999322,06-08-2015,699,109.28,35.84,76386.72,25052.16,51334.56,2015,7,tue,73.44,15 days
Australia and Oceania,Fiji,Clothes,Online,H,01-02-2017,605373561,02-03-2017,2344,109.28,35.84,256152.32,84008.96,172143.36,2017,2,tue,73.44,29 days
Sub-Saharan Africa,Malawi,Beverages,Online,H,28-01-2012,686583554,22-02-2012,4186,47.45,31.79,198625.7,133072.94,65552.76,2012,1,fri,15.66,25 days
Australia and Oceania,Marshall Islands,Beverages,Offline,M,03-08-2015,666678130,21-09-2015,3729,47.45,31.79,176941.05,118544.91,58396.14,2015,8,sun,15.66,49 days
Central America and the Caribbean,Grenada,Baby Food,Online,M,23-06-2013,641018617,30-06-2013,508,255.28,159.42,129682.24,80985.36,48696.88,2013,6,sat,95.86,7 days
Europe,Luxembourg,Meat,Online,C,03-08-2011,775278842,22-09-2011,1093,421.89,364.69,461125.77,398606.17,62519.6,2011,8,tue,57.2,50 days
Sub-Saharan Africa,Zimbabwe,Meat,Offline,M,30-10-2016,855445134,06-12-2016,4080,421.89,364.69,1721311.2,1487935.2,233376,2016,10,sat,57.2,37 days
Asia,China,Vegetables,Online,H,05-09-2010,737816321,21-09-2010,5100,154.06,90.93,785706,463743,321963,2010,9,sat,63.13,16 days
North America,United States of America,Beverages,Online,L,13-07-2013,799003732,14-07-2013,1815,47.45,31.79,86121.75,57698.85,28422.9,2013,7,fri,15.66,1 days
Sub-Saharan Africa,Central African Republic,Vegetables,Online,L,09-10-2012,585931193,21-11-2012,8916,154.06,90.93,1373598.96,810731.88,562867.08,2012,10,mon,63.13,43 days
Central America and the Caribbean,Antigua and Barbuda ,Vegetables,Online,M,03-01-2012,165835034,05-01-2012,3127,154.06,90.93,481745.62,284338.11,197407.51,2012,1,mon,63.13,2 days
Central America and the Caribbean,Guatemala,Baby Food,Offline,H,08-02-2012,576264083,14-03-2012,8203,255.28,159.42,2094061.84,1307722.26,786339.58,2012,2,tue,95.86,35 days
Middle East and North Africa,Qatar,Clothes,Offline,L,03-01-2015,675079667,07-01-2015,9930,109.28,35.84,1085150.4,355891.2,729259.2,2015,1,fri,73.44,4 days
Middle East and North Africa,Israel,Personal Care,Online,L,13-05-2012,290455615,28-05-2012,1126,81.73,56.67,92027.98,63810.42,28217.56,2012,5,sat,25.06,15 days
Asia,Thailand,Snacks,Offline,L,13-01-2012,670878255,15-02-2012,6639,152.58,97.44,1012978.62,646904.16,366074.46,2012,1,thur,55.14,33 days
Asia,Singapore,Cereal,Online,M,30-07-2011,435146415,12-08-2011,8349,205.7,117.11,1717389.3,977751.39,739637.91,2011,7,fri,88.59,13 days
Asia,North Korea,Snacks,Online,C,13-03-2017,522371423,08-04-2017,167,152.58,97.44,25480.86,16272.48,9208.38,2017,3,sun,55.14,26 days
Europe,Austria,Office Supplies,Online,L,23-03-2017,141977107,18-04-2017,3036,651.21,524.96,1977073.56,1593778.56,383295,2017,3,wed,126.25,26 days
Asia,Japan,Baby Food,Offline,L,16-03-2016,823699796,19-04-2016,9929,255.28,159.42,2534675.12,1582881.18,951793.94,2016,3,tue,95.86,34 days
Sub-Saharan Africa,Zimbabwe,Beverages,Offline,L,18-12-2015,567588317,26-12-2015,851,47.45,31.79,40379.95,27053.29,13326.66,2015,12,thur,15.66,8 days
Europe,Lithuania,Fruits,Offline,H,25-10-2011,594003999,16-11-2011,7838,9.33,6.92,73128.54,54238.96,18889.58,2011,10,mon,2.41,22 days
Europe,Luxembourg,Baby Food,Offline,H,30-06-2011,393620669,02-08-2011,9958,255.28,159.42,2542078.24,1587504.36,954573.88,2011,6,wed,95.86,33 days
Sub-Saharan Africa,Central African Republic,Cosmetics,Offline,H,27-03-2016,877424657,10-04-2016,8309,437.2,263.33,3632694.8,2188008.97,1444685.83,2016,3,sat,173.87,14 days
Europe,Norway,Household,Offline,M,23-12-2016,326714789,21-01-2017,1021,668.27,502.54,682303.67,513093.34,169210.33,2016,12,thur,165.73,29 days
Sub-Saharan Africa,Democratic Republic of the Congo,Fruits,Offline,M,18-04-2013,243102395,18-04-2013,8256,9.33,6.92,77028.48,57131.52,19896.96,2013,4,wed,2.41,0 days
Australia and Oceania,New Zealand,Household,Offline,L,08-03-2017,398511302,20-04-2017,7205,668.27,502.54,4814885.35,3620800.7,1194084.65,2017,3,tue,165.73,43 days
Europe,Ukraine,Personal Care,Offline,M,03-06-2011,185177838,04-07-2011,7092,81.73,56.67,579629.16,401903.64,177725.52,2011,6,thur,25.06,31 days
Asia,Taiwan,Personal Care,Offline,H,30-11-2013,865650832,31-12-2013,4173,81.73,56.67,341059.29,236483.91,104575.38,2013,11,fri,25.06,31 days
Europe,Italy,Cereal,Offline,C,11-05-2013,622791612,31-05-2013,6733,205.7,117.11,1384978.1,788501.63,596476.47,2013,5,fri,88.59,20 days
Europe,Finland,Personal Care,Online,L,13-11-2010,409774005,27-11-2010,89,81.73,56.67,7273.97,5043.63,2230.34,2010,11,fri,25.06,14 days
Sub-Saharan Africa,Sudan,Office Supplies,Online,H,09-03-2016,800084340,21-04-2016,1591,651.21,524.96,1036075.11,835211.36,200863.75,2016,3,tue,126.25,43 days
Europe,Croatia,Snacks,Offline,M,19-08-2013,637521445,12-09-2013,5618,152.58,97.44,857194.44,547417.92,309776.52,2013,8,sun,55.14,24 days
Sub-Saharan Africa,Mauritania,Beverages,Online,L,19-04-2011,186196649,28-05-2011,8581,47.45,31.79,407168.45,272789.99,134378.46,2011,4,mon,15.66,39 days
Australia and Oceania,New Zealand,Baby Food,Offline,L,20-07-2014,680533778,25-07-2014,3923,255.28,159.42,1001463.44,625404.66,376058.78,2014,7,sat,95.86,5 days
Middle East and North Africa,Pakistan,Beverages,Online,L,08-09-2014,275269162,15-09-2014,7117,47.45,31.79,337701.65,226249.43,111452.22,2014,9,sun,15.66,7 days
Europe,Poland,Household,Online,C,04-06-2015,795451629,19-06-2015,668,668.27,502.54,446404.36,335696.72,110707.64,2015,6,wed,165.73,15 days
Europe,Lithuania,Cereal,Offline,M,19-12-2013,986442506,01-01-2014,9113,205.7,117.11,1874544.1,1067223.43,807320.67,2013,12,wed,88.59,13 days
Middle East and North Africa,Pakistan,Cereal,Offline,M,18-05-2012,563915622,10-06-2012,4019,205.7,117.11,826708.3,470665.09,356043.21,2012,5,thur,88.59,23 days
Australia and Oceania,East Timor,Cosmetics,Offline,C,12-10-2013,663857305,13-11-2013,8984,437.2,263.33,3927804.8,2365756.72,1562048.08,2013,10,fri,173.87,32 days
Australia and Oceania,Marshall Islands,Fruits,Online,L,02-01-2011,692566382,14-01-2011,4638,9.33,6.92,43272.54,32094.96,11177.58,2011,1,sat,2.41,12 days
Central America and the Caribbean,Cuba,Household,Offline,L,02-02-2013,576654183,03-02-2013,3642,668.27,502.54,2433839.34,1830250.68,603588.66,2013,2,fri,165.73,1 days
North America,Greenland,Baby Food,Offline,H,19-03-2011,313044536,14-04-2011,5689,255.28,159.42,1452287.92,906940.38,545347.54,2011,3,fri,95.86,26 days
Europe,Luxembourg,Personal Care,Offline,C,03-10-2012,418973767,27-10-2012,2503,81.73,56.67,204570.19,141845.01,62725.18,2012,10,tue,25.06,24 days
Middle East and North Africa,Israel,Beverages,Online,C,23-10-2014,581990706,15-11-2014,2838,47.45,31.79,134663.1,90220.02,44443.08,2014,10,wed,15.66,23 days
Sub-Saharan Africa,Djibouti,Baby Food,Online,H,12-07-2015,109956681,24-07-2015,7480,255.28,159.42,1909494.4,1192461.6,717032.8,2015,7,sat,95.86,12 days
Europe,Bulgaria,Cereal,Online,L,06-05-2010,181045520,27-05-2010,4247,205.7,117.11,873607.9,497366.17,376241.73,2010,5,wed,88.59,21 days
Asia,Mongolia,Vegetables,Online,C,27-11-2010,693743550,09-01-2011,2988,154.06,90.93,460331.28,271698.84,188632.44,2010,11,fri,63.13,43 days
Central America and the Caribbean,Dominican Republic,Clothes,Offline,L,26-12-2010,716849601,31-12-2010,582,109.28,35.84,63600.96,20858.88,42742.08,2010,12,sat,73.44,5 days
Middle East and North Africa,Yemen,Cosmetics,Online,L,30-12-2012,739474999,01-01-2013,5940,437.2,263.33,2596968,1564180.2,1032787.8,2012,12,sat,173.87,2 days
Australia and Oceania,Federated States of Micronesia,Personal Care,Online,M,21-08-2016,421043574,07-09-2016,5005,81.73,56.67,409058.65,283633.35,125425.3,2016,8,sat,25.06,17 days
Europe,Finland,Personal Care,Online,M,03-02-2015,841291654,20-03-2015,5751,81.73,56.67,470029.23,325909.17,144120.06,2015,2,mon,25.06,45 days
Central America and the Caribbean,The Bahamas,Cereal,Offline,L,19-12-2013,450268065,04-01-2014,3181,205.7,117.11,654331.7,372526.91,281804.79,2013,12,wed,88.59,16 days
Central America and the Caribbean,Grenada,Meat,Online,L,12-05-2012,918334138,12-06-2012,4334,421.89,364.69,1828471.26,1580566.46,247904.8,2012,5,fri,57.2,31 days
Sub-Saharan Africa,Sao Tome and Principe,Meat,Offline,M,28-03-2014,386163699,19-04-2014,3275,421.89,364.69,1381689.75,1194359.75,187330,2014,3,thur,57.2,22 days
Central America and the Caribbean,El Salvador,Personal Care,Offline,C,11-01-2017,214743077,18-02-2017,6103,81.73,56.67,498798.19,345857.01,152941.18,2017,1,tue,25.06,38 days
Europe,Sweden,Baby Food,Online,M,21-06-2015,935371100,06-07-2015,5949,255.28,159.42,1518660.72,948389.58,570271.14,2015,6,sat,95.86,15 days
Asia,Turkmenistan,Cosmetics,Offline,H,29-11-2012,899659097,03-12-2012,7974,437.2,263.33,3486232.8,2099793.42,1386439.38,2012,11,wed,173.87,4 days
Europe,Monaco,Vegetables,Online,H,01-01-2010,329530894,13-02-2010,4369,154.06,90.93,673088.14,397273.17,275814.97,2010,1,thur,63.13,43 days
Middle East and North Africa,Turkey,Meat,Online,H,06-01-2016,867222821,06-02-2016,9359,421.89,364.69,3948468.51,3413133.71,535334.8,2016,1,tue,57.2,31 days
Sub-Saharan Africa,Mozambique,Beverages,Online,M,14-10-2014,625283706,23-10-2014,4199,47.45,31.79,199242.55,133486.21,65756.34,2014,10,mon,15.66,9 days
Middle East and North Africa,Yemen,Office Supplies,Offline,C,09-12-2013,936574876,09-01-2014,2173,651.21,524.96,1415079.33,1140738.08,274341.25,2013,12,sun,126.25,31 days
Asia,Philippines,Cereal,Offline,M,19-10-2010,504270160,25-11-2010,3601,205.7,117.11,740725.7,421713.11,319012.59,2010,10,mon,88.59,37 days
Sub-Saharan Africa,Democratic Republic of the Congo,Personal Care,Offline,M,02-05-2011,351855885,02-06-2011,830,81.73,56.67,67835.9,47036.1,20799.8,2011,5,sun,25.06,31 days
Australia and Oceania,Fiji,Snacks,Online,H,17-03-2011,673130881,23-03-2011,3241,152.58,97.44,494511.78,315803.04,178708.74,2011,3,wed,55.14,6 days
Europe,Macedonia,Office Supplies,Offline,H,24-09-2014,382206475,13-10-2014,2244,651.21,524.96,1461315.24,1178010.24,283305,2014,9,tue,126.25,19 days
Middle East and North Africa,Tunisia ,Cereal,Online,H,01-12-2015,263506495,14-12-2015,6283,205.7,117.11,1292413.1,735802.13,556610.97,2015,12,mon,88.59,13 days
Europe,Liechtenstein,Cereal,Offline,L,02-06-2017,721767270,18-07-2017,5829,205.7,117.11,1199025.3,682634.19,516391.11,2017,6,thur,88.59,46 days
Middle East and North Africa,Qatar,Cosmetics,Online,M,04-08-2011,432037627,18-08-2011,8390,437.2,263.33,3668108,2209338.7,1458769.3,2011,8,wed,173.87,14 days
Australia and Oceania,Tonga,Meat,Offline,C,29-07-2014,389678895,24-08-2014,3499,421.89,364.69,1476193.11,1276050.31,200142.8,2014,7,mon,57.2,26 days
Europe,Belgium,Meat,Online,L,26-01-2017,760364902,24-02-2017,7726,421.89,364.69,3259522.14,2817594.94,441927.2,2017,1,wed,57.2,29 days
Sub-Saharan Africa,Chad,Fruits,Offline,C,05-11-2010,430081975,09-12-2010,9669,9.33,6.92,90211.77,66909.48,23302.29,2010,11,thur,2.41,34 days
Asia,Thailand,Baby Food,Online,H,26-03-2015,155128943,05-05-2015,4957,255.28,159.42,1265422.96,790244.94,475178.02,2015,3,wed,95.86,40 days
Europe,Iceland,Clothes,Offline,H,07-10-2012,312117135,16-10-2012,1251,109.28,35.84,136709.28,44835.84,91873.44,2012,10,sat,73.44,9 days
Central America and the Caribbean,Saint Lucia,Meat,Offline,L,22-07-2013,447970378,02-09-2013,3245,421.89,364.69,1369033.05,1183419.05,185614,2013,7,sun,57.2,42 days
Asia,Japan,Cosmetics,Offline,C,16-08-2013,629925000,18-08-2013,7661,437.2,263.33,3349389.2,2017371.13,1332018.07,2013,8,thur,173.87,2 days
Asia,India,Personal Care,Offline,L,05-11-2013,995529830,17-12-2013,8254,81.73,56.67,674599.42,467754.18,206845.24,2013,11,mon,25.06,42 days
Australia and Oceania,Vanuatu,Office Supplies,Online,L,01-03-2016,402646195,28-03-2016,812,651.21,524.96,528782.52,426267.52,102515,2016,3,mon,126.25,27 days
Sub-Saharan Africa,Chad,Meat,Offline,M,25-03-2012,479447925,04-04-2012,8150,421.89,364.69,3438403.5,2972223.5,466180,2012,3,sat,57.2,10 days
Sub-Saharan Africa,Malawi,Cosmetics,Offline,H,20-06-2017,674421346,29-06-2017,5118,437.2,263.33,2237589.6,1347722.94,889866.66,2017,6,mon,173.87,9 days
Europe,Finland,Cosmetics,Online,L,18-04-2014,506365287,16-05-2014,3596,437.2,263.33,1572171.2,946934.68,625236.52,2014,4,thur,173.87,28 days
Middle East and North Africa,Turkey,Clothes,Online,C,28-06-2016,914391076,04-08-2016,7494,109.28,35.84,818944.32,268584.96,550359.36,2016,6,mon,73.44,37 days
Sub-Saharan Africa,South Africa,Meat,Online,L,20-05-2012,207922542,01-07-2012,7755,421.89,364.69,3271756.95,2828170.95,443586,2012,5,sat,57.2,42 days
Europe,Lithuania,Office Supplies,Offline,M,04-02-2014,816696012,16-02-2014,7353,651.21,524.96,4788347.13,3860030.88,928316.25,2014,2,mon,126.25,12 days
Europe,Russia,Beverages,Offline,L,15-11-2015,740760314,21-11-2015,6293,47.45,31.79,298602.85,200054.47,98548.38,2015,11,sat,15.66,6 days
Central America and the Caribbean,The Bahamas,Baby Food,Online,C,11-01-2013,300476777,28-02-2013,6610,255.28,159.42,1687400.8,1053766.2,633634.6,2013,1,thur,95.86,48 days
Central America and the Caribbean,The Bahamas,Snacks,Online,L,24-04-2013,786519229,07-06-2013,7373,152.58,97.44,1124972.34,718425.12,406547.22,2013,4,tue,55.14,44 days
Middle East and North Africa,Turkey,Cosmetics,Offline,C,15-05-2010,409873998,03-06-2010,9679,437.2,263.33,4231658.8,2548771.07,1682887.73,2010,5,fri,173.87,19 days
Sub-Saharan Africa,Mauritius ,Cosmetics,Offline,H,17-04-2010,151839911,22-05-2010,1659,437.2,263.33,725314.8,436864.47,288450.33,2010,4,fri,173.87,35 days
Europe,Bulgaria,Vegetables,Online,H,25-08-2012,614028298,09-09-2012,3473,154.06,90.93,535050.38,315799.89,219250.49,2012,8,fri,63.13,15 days
Middle East and North Africa,Iran,Household,Offline,L,19-04-2014,668362987,13-05-2014,2315,668.27,502.54,1547045.05,1163380.1,383664.95,2014,4,fri,165.73,24 days
Sub-Saharan Africa,Ghana,Household,Online,M,26-02-2013,607080304,05-04-2013,7408,668.27,502.54,4950544.16,3722816.32,1227727.84,2013,2,mon,165.73,38 days
Sub-Saharan Africa,Malawi,Baby Food,Online,M,28-12-2011,792729079,17-01-2012,5006,255.28,159.42,1277931.68,798056.52,479875.16,2011,12,tue,95.86,20 days
Sub-Saharan Africa,Zimbabwe,Baby Food,Offline,M,21-08-2014,308170640,10-10-2014,3395,255.28,159.42,866675.6,541230.9,325444.7,2014,8,wed,95.86,50 days
Asia,Tajikistan,Vegetables,Online,H,21-08-2014,106578814,02-10-2014,7894,154.06,90.93,1216149.64,717801.42,498348.22,2014,8,wed,63.13,42 days
Europe,Czech Republic,Cereal,Online,H,02-03-2014,761439931,28-03-2014,5851,205.7,117.11,1203550.7,685210.61,518340.09,2014,3,sat,88.59,26 days
Sub-Saharan Africa,Mauritius ,Household,Online,L,06-09-2012,216552817,27-09-2012,1646,668.27,502.54,1099972.42,827180.84,272791.58,2012,9,wed,165.73,21 days
Sub-Saharan Africa,Lesotho,Fruits,Online,H,16-09-2010,536028802,22-09-2010,1689,9.33,6.92,15758.37,11687.88,4070.49,2010,9,wed,2.41,6 days
Sub-Saharan Africa,Mali,Beverages,Online,L,13-08-2013,254291713,15-08-2013,9424,47.45,31.79,447168.8,299588.96,147579.84,2013,8,mon,15.66,2 days
Europe,Georgia,Personal Care,Online,C,11-09-2012,226077878,23-10-2012,323,81.73,56.67,26398.79,18304.41,8094.38,2012,9,mon,25.06,42 days
Europe,Albania,Office Supplies,Offline,M,31-08-2011,476436126,15-10-2011,6892,651.21,524.96,4488139.32,3618024.32,870115,2011,8,tue,126.25,45 days
Europe,Cyprus,Cosmetics,Offline,L,21-04-2015,650727784,06-06-2015,3667,437.2,263.33,1603212.4,965631.11,637581.29,2015,4,mon,173.87,46 days
Central America and the Caribbean,Saint Kitts and Nevis ,Household,Offline,C,11-07-2010,464626681,27-07-2010,2215,668.27,502.54,1480218.05,1113126.1,367091.95,2010,7,sat,165.73,16 days
Middle East and North Africa,Tunisia ,Meat,Offline,C,09-08-2015,154119145,21-09-2015,6135,421.89,364.69,2588295.15,2237373.15,350922,2015,8,sat,57.2,43 days
Central America and the Caribbean,Cuba,Meat,Online,M,17-10-2015,925504004,06-12-2015,6057,421.89,364.69,2555387.73,2208927.33,346460.4,2015,10,fri,57.2,50 days
Australia and Oceania,Kiribati,Cereal,Offline,L,24-07-2012,905392587,16-08-2012,4641,205.7,117.11,954653.7,543507.51,411146.19,2012,7,mon,88.59,23 days
Asia,Cambodia,Snacks,Online,C,25-03-2012,990708720,04-05-2012,1581,152.58,97.44,241228.98,154052.64,87176.34,2012,3,sat,55.14,40 days
Europe,Moldova ,Baby Food,Online,M,11-08-2014,798688733,18-09-2014,8600,255.28,159.42,2195408,1371012,824396,2014,8,sun,95.86,38 days
Asia,Uzbekistan,Cereal,Offline,C,15-10-2016,916881453,28-11-2016,4452,205.7,117.11,915776.4,521373.72,394402.68,2016,10,fri,88.59,44 days
Asia,India,Cosmetics,Offline,L,03-12-2016,653148210,21-01-2017,9924,437.2,263.33,4338772.8,2613286.92,1725485.88,2016,12,fri,173.87,49 days
Europe,Germany,Personal Care,Offline,C,12-06-2010,285662829,13-07-2010,2834,81.73,56.67,231622.82,160602.78,71020.04,2010,6,fri,25.06,31 days
Europe,Austria,Vegetables,Online,C,29-07-2016,612911641,31-08-2016,3030,154.06,90.93,466801.8,275517.9,191283.9,2016,7,thur,63.13,33 days
Europe,Germany,Office Supplies,Offline,L,09-12-2013,703693473,12-01-2014,7391,651.21,524.96,4813093.11,3879979.36,933113.75,2013,12,sun,126.25,34 days
Asia,Bhutan,Clothes,Online,M,12-07-2012,147119653,09-08-2012,4829,109.28,35.84,527713.12,173071.36,354641.76,2012,7,wed,73.44,28 days
Asia,Kyrgyzstan,Fruits,Online,C,14-01-2012,402614009,02-03-2012,1287,9.33,6.92,12007.71,8906.04,3101.67,2012,1,fri,2.41,48 days
Middle East and North Africa,Somalia,Personal Care,Online,C,20-03-2013,749912869,25-04-2013,4738,81.73,56.67,387236.74,268502.46,118734.28,2013,3,tue,25.06,36 days
Central America and the Caribbean,Saint Lucia,Household,Online,H,10-02-2014,539065062,10-03-2014,186,668.27,502.54,124298.22,93472.44,30825.78,2014,2,sun,165.73,28 days
Europe,Armenia,Snacks,Offline,H,26-10-2013,540431916,15-11-2013,4668,152.58,97.44,712243.44,454849.92,257393.52,2013,10,fri,55.14,20 days
North America,Canada,Beverages,Online,C,16-04-2016,694687259,02-06-2016,2252,47.45,31.79,106857.4,71591.08,35266.32,2016,4,fri,15.66,47 days
Sub-Saharan Africa,Burundi,Cosmetics,Offline,H,27-05-2011,562817418,02-06-2011,9036,437.2,263.33,3950539.2,2379449.88,1571089.32,2011,5,thur,173.87,6 days
Europe,Liechtenstein,Cereal,Online,L,04-08-2016,676121222,09-09-2016,8149,205.7,117.11,1676249.3,954329.39,721919.91,2016,8,wed,88.59,36 days
Middle East and North Africa,Tunisia ,Snacks,Offline,L,03-07-2012,286210000,05-08-2012,4754,152.58,97.44,725365.32,463229.76,262135.56,2012,7,mon,55.14,33 days
Middle East and North Africa,Iraq,Beverages,Online,L,04-12-2014,515007579,11-01-2015,1042,47.45,31.79,49442.9,33125.18,16317.72,2014,12,wed,15.66,38 days
Asia,Indonesia,Cosmetics,Offline,C,31-05-2010,304750287,01-06-2010,1237,437.2,263.33,540816.4,325739.21,215077.19,2010,5,sun,173.87,1 days
Asia,Kazakhstan,Beverages,Online,H,05-02-2013,467986953,17-02-2013,6594,47.45,31.79,312885.3,209623.26,103262.04,2013,2,mon,15.66,12 days
Europe,Denmark,Beverages,Offline,C,15-06-2015,537578904,09-07-2015,399,47.45,31.79,18932.55,12684.21,6248.34,2015,6,sun,15.66,24 days
Europe,Luxembourg,Vegetables,Offline,L,21-10-2014,116699969,18-11-2014,2969,154.06,90.93,457404.14,269971.17,187432.97,2014,10,mon,63.13,28 days
Sub-Saharan Africa,Cape Verde,Snacks,Offline,C,13-02-2017,228836476,13-03-2017,6653,152.58,97.44,1015114.74,648268.32,366846.42,2017,2,sun,55.14,28 days
Australia and Oceania,Palau,Vegetables,Offline,C,29-06-2010,167787253,16-07-2010,832,154.06,90.93,128177.92,75653.76,52524.16,2010,6,mon,63.13,17 days
Australia and Oceania,Australia,Vegetables,Online,M,19-05-2014,647663629,20-05-2014,6915,154.06,90.93,1065324.9,628780.95,436543.95,2014,5,sun,63.13,1 days
Central America and the Caribbean,Nicaragua,Meat,Offline,L,21-03-2015,652889430,15-04-2015,3346,421.89,364.69,1411643.94,1220252.74,191391.2,2015,3,fri,57.2,25 days
Asia,Laos,Office Supplies,Offline,M,31-08-2015,588200986,15-10-2015,598,651.21,524.96,389423.58,313926.08,75497.5,2015,8,sun,126.25,45 days
Central America and the Caribbean,Cuba,Personal Care,Online,L,23-08-2015,928647124,30-08-2015,6176,81.73,56.67,504764.48,349993.92,154770.56,2015,8,sat,25.06,7 days
Europe,Moldova ,Cosmetics,Offline,L,24-02-2016,869589173,17-03-2016,9615,437.2,263.33,4203678,2531917.95,1671760.05,2016,2,tue,173.87,22 days
Middle East and North Africa,Syria,Household,Online,C,17-06-2015,576700961,23-07-2015,7485,668.27,502.54,5002000.95,3761511.9,1240489.05,2015,6,tue,165.73,36 days
Central America and the Caribbean,The Bahamas,Cereal,Offline,M,27-11-2012,735968816,06-12-2012,8382,205.7,117.11,1724177.4,981616.02,742561.38,2012,11,mon,88.59,9 days
Europe,Belarus,Snacks,Offline,M,07-09-2012,303691565,19-10-2012,7938,152.58,97.44,1211180.04,773478.72,437701.32,2012,9,thur,55.14,42 days
Middle East and North Africa,United Arab Emirates,Clothes,Offline,C,23-06-2012,556480538,07-08-2012,3812,109.28,35.84,416575.36,136622.08,279953.28,2012,6,fri,73.44,45 days
Sub-Saharan Africa,Angola,Beverages,Offline,H,23-10-2014,141259562,11-11-2014,698,47.45,31.79,33120.1,22189.42,10930.68,2014,10,wed,15.66,19 days
Central America and the Caribbean,Cuba,Cosmetics,Offline,C,18-09-2015,925264966,18-10-2015,5320,437.2,263.33,2325904,1400915.6,924988.4,2015,9,thur,173.87,30 days
Europe,Ukraine,Office Supplies,Online,H,24-01-2016,346045577,20-02-2016,1431,651.21,524.96,931881.51,751217.76,180663.75,2016,1,sat,126.25,27 days
Sub-Saharan Africa,Mozambique,Fruits,Offline,H,23-03-2010,861462724,19-04-2010,4818,9.33,6.92,44951.94,33340.56,11611.38,2010,3,mon,2.41,27 days
Europe,Armenia,Personal Care,Online,M,26-07-2012,499690234,28-08-2012,8299,81.73,56.67,678277.27,470304.33,207972.94,2012,7,wed,25.06,33 days
North America,Greenland,Clothes,Online,H,20-10-2015,509214437,02-11-2015,6722,109.28,35.84,734580.16,240916.48,493663.68,2015,10,mon,73.44,13 days
Central America and the Caribbean,Saint Kitts and Nevis ,Office Supplies,Online,M,27-06-2017,408834159,18-07-2017,1968,651.21,524.96,1281581.28,1033121.28,248460,2017,6,mon,126.25,21 days
Europe,Vatican City,Beverages,Offline,M,04-04-2016,237660729,30-04-2016,7946,47.45,31.79,377037.7,252603.34,124434.36,2016,4,sun,15.66,26 days
Europe,Ukraine,Clothes,Online,C,05-08-2015,105117976,09-09-2015,5600,109.28,35.84,611968,200704,411264,2015,8,tue,73.44,35 days
Sub-Saharan Africa,Niger,Cereal,Offline,L,16-06-2012,640942227,04-07-2012,7903,205.7,117.11,1625647.1,925520.33,700126.77,2012,6,fri,88.59,18 days
Asia,Myanmar,Cosmetics,Online,L,03-04-2016,745182311,05-05-2016,4860,437.2,263.33,2124792,1279783.8,845008.2,2016,4,sat,173.87,32 days
Sub-Saharan Africa,Guinea,Baby Food,Offline,C,21-09-2014,738199555,21-09-2014,8508,255.28,159.42,2171922.24,1356345.36,815576.88,2014,9,sat,95.86,0 days
Sub-Saharan Africa,Guinea-Bissau,Snacks,Online,L,08-08-2015,110667788,10-09-2015,7913,152.58,97.44,1207365.54,771042.72,436322.82,2015,8,fri,55.14,33 days
Sub-Saharan Africa,South Sudan,Office Supplies,Online,C,19-07-2012,673573338,20-07-2012,4174,651.21,524.96,2718150.54,2191183.04,526967.5,2012,7,wed,126.25,1 days
Middle East and North Africa,Turkey,Snacks,Offline,H,26-08-2011,708215034,13-09-2011,5421,152.58,97.44,827136.18,528222.24,298913.94,2011,8,thur,55.14,18 days
Australia and Oceania,Palau,Household,Online,M,23-06-2012,816204202,01-07-2012,1816,668.27,502.54,1213578.32,912612.64,300965.68,2012,6,fri,165.73,8 days
Europe,Poland,Beverages,Offline,L,20-11-2011,769464671,24-12-2011,550,47.45,31.79,26097.5,17484.5,8613,2011,11,sat,15.66,34 days
Asia,Malaysia,Beverages,Offline,L,13-05-2015,860232770,04-06-2015,848,47.45,31.79,40237.6,26957.92,13279.68,2015,5,tue,15.66,22 days
North America,United States of America,Personal Care,Offline,C,16-07-2010,551057326,22-08-2010,8963,81.73,56.67,732545.99,507933.21,224612.78,2010,7,thur,25.06,37 days
Europe,Switzerland,Cosmetics,Online,C,21-05-2016,724799668,27-05-2016,3183,437.2,263.33,1391607.6,838179.39,553428.21,2016,5,fri,173.87,6 days
Australia and Oceania,Papua New Guinea,Cosmetics,Offline,H,22-04-2011,534633624,08-06-2011,8825,437.2,263.33,3858290,2323887.25,1534402.75,2011,4,thur,173.87,47 days
Sub-Saharan Africa,Namibia,Beverages,Offline,H,14-08-2012,554045522,20-09-2012,3237,47.45,31.79,153595.65,102904.23,50691.42,2012,8,mon,15.66,37 days
Europe,Ireland,Clothes,Online,C,17-03-2012,526834189,02-05-2012,799,109.28,35.84,87314.72,28636.16,58678.56,2012,3,fri,73.44,46 days
Sub-Saharan Africa,Mozambique,Household,Online,C,06-08-2010,717110955,09-08-2010,7922,668.27,502.54,5294034.94,3981121.88,1312913.06,2010,8,thur,165.73,3 days
Sub-Saharan Africa,Democratic Republic of the Congo,Baby Food,Offline,L,25-02-2013,559299647,26-03-2013,8049,255.28,159.42,2054748.72,1283171.58,771577.14,2013,2,sun,95.86,29 days
North America,United States of America,Meat,Online,M,06-03-2011,908136594,10-03-2011,6654,421.89,364.69,2807256.06,2426647.26,380608.8,2011,3,sat,57.2,4 days
Middle East and North Africa,Azerbaijan,Office Supplies,Offline,M,14-12-2015,888670623,16-12-2015,6240,651.21,524.96,4063550.4,3275750.4,787800,2015,12,sun,126.25,2 days
Europe,Belgium,Office Supplies,Offline,C,10-02-2017,146263062,16-02-2017,1345,651.21,524.96,875877.45,706071.2,169806.25,2017,2,thur,126.25,6 days
Asia,Taiwan,Office Supplies,Offline,L,20-09-2016,196587741,28-10-2016,3536,651.21,524.96,2302678.56,1856258.56,446420,2016,9,mon,126.25,38 days
Central America and the Caribbean,Panama,Baby Food,Online,M,30-04-2010,375630986,02-06-2010,6411,255.28,159.42,1636600.08,1022041.62,614558.46,2010,4,thur,95.86,33 days
Europe,Andorra,Beverages,Offline,H,25-06-2013,989691627,10-07-2013,600,47.45,31.79,28470,19074,9396,2013,6,mon,15.66,15 days
Europe,Georgia,Household,Offline,H,04-07-2012,165380990,27-07-2012,8765,668.27,502.54,5857386.55,4404763.1,1452623.45,2012,7,tue,165.73,23 days
Central America and the Caribbean,Barbados,Snacks,Online,C,21-09-2013,599622905,22-10-2013,597,152.58,97.44,91090.26,58171.68,32918.58,2013,9,fri,55.14,31 days
Europe,Sweden,Personal Care,Offline,C,08-12-2016,109653699,06-01-2017,7821,81.73,56.67,639210.33,443216.07,195994.26,2016,12,wed,25.06,29 days
Middle East and North Africa,Algeria,Meat,Offline,M,02-09-2011,183022201,15-10-2011,9191,421.89,364.69,3877590.99,3351865.79,525725.2,2011,9,thur,57.2,43 days
Europe,Italy,Personal Care,Online,L,21-03-2011,127589738,02-04-2011,5494,81.73,56.67,449024.62,311344.98,137679.64,2011,3,sun,25.06,12 days
Europe,Russia,Fruits,Offline,L,08-01-2011,221530139,26-01-2011,4546,9.33,6.92,42414.18,31458.32,10955.86,2011,1,fri,2.41,18 days
Central America and the Caribbean,Antigua and Barbuda ,Office Supplies,Offline,M,22-02-2015,363329732,22-02-2015,6197,651.21,524.96,4035548.37,3253177.12,782371.25,2015,2,sat,126.25,0 days
Middle East and North Africa,Jordan,Fruits,Online,C,15-05-2017,521787345,25-06-2017,7325,9.33,6.92,68342.25,50689,17653.25,2017,5,sun,2.41,41 days
Sub-Saharan Africa,Mali,Meat,Online,L,14-07-2012,286014306,15-08-2012,6844,421.89,364.69,2887415.16,2495938.36,391476.8,2012,7,fri,57.2,32 days
Middle East and North Africa,Somalia,Cereal,Offline,C,25-06-2015,215434443,30-06-2015,694,205.7,117.11,142755.8,81274.34,61481.46,2015,6,wed,88.59,5 days
Middle East and North Africa,Kuwait,Snacks,Online,L,26-10-2011,489784085,01-11-2011,6850,152.58,97.44,1045173,667464,377709,2011,10,tue,55.14,6 days
Sub-Saharan Africa,Liberia,Office Supplies,Offline,C,24-09-2014,459112060,12-10-2014,316,651.21,524.96,205782.36,165887.36,39895,2014,9,tue,126.25,18 days
Asia,China,Office Supplies,Online,C,30-09-2015,893779695,07-11-2015,8128,651.21,524.96,5293034.88,4266874.88,1026160,2015,9,tue,126.25,38 days
Europe,Andorra,Meat,Offline,M,31-03-2011,834460818,31-03-2011,4355,421.89,364.69,1837330.95,1588224.95,249106,2011,3,wed,57.2,0 days
Sub-Saharan Africa,Niger,Beverages,Online,C,25-10-2013,742141759,28-10-2013,5093,47.45,31.79,241662.85,161906.47,79756.38,2013,10,thur,15.66,3 days
Europe,Hungary,Vegetables,Offline,M,12-08-2010,248121345,14-09-2010,3475,154.06,90.93,535358.5,315981.75,219376.75,2010,8,wed,63.13,33 days
Europe,Monaco,Clothes,Offline,M,26-07-2012,404010903,04-09-2012,4659,109.28,35.84,509135.52,166978.56,342156.96,2012,7,wed,73.44,40 days
Australia and Oceania,Tuvalu,Household,Online,L,30-09-2012,531734263,12-10-2012,840,668.27,502.54,561346.8,422133.6,139213.2,2012,9,sat,165.73,12 days
Sub-Saharan Africa,South Sudan,Baby Food,Online,C,09-11-2012,473527753,29-12-2012,6240,255.28,159.42,1592947.2,994780.8,598166.4,2012,11,thur,95.86,50 days
Europe,Cyprus,Cereal,Offline,M,19-11-2011,141940200,02-01-2012,2114,205.7,117.11,434849.8,247570.54,187279.26,2011,11,fri,88.59,44 days
Europe,Poland,Household,Offline,M,09-06-2017,869832932,25-07-2017,1749,668.27,502.54,1168804.23,878942.46,289861.77,2017,6,thur,165.73,46 days
Sub-Saharan Africa,Liberia,Snacks,Online,H,17-09-2011,460379779,04-11-2011,5462,152.58,97.44,833391.96,532217.28,301174.68,2011,9,fri,55.14,48 days
Sub-Saharan Africa,Cote d'Ivoire,Vegetables,Online,C,23-10-2015,837067067,26-10-2015,5602,154.06,90.93,863044.12,509389.86,353654.26,2015,10,thur,63.13,3 days
Asia,Kyrgyzstan,Beverages,Online,C,03-04-2010,393693625,09-04-2010,1547,47.45,31.79,73405.15,49179.13,24226.02,2010,4,fri,15.66,6 days
Europe,Slovakia,Vegetables,Offline,L,03-07-2014,744370782,14-07-2014,4711,154.06,90.93,725776.66,428371.23,297405.43,2014,7,wed,63.13,11 days
Asia,Malaysia,Cosmetics,Offline,M,30-12-2014,873522365,13-01-2015,3534,437.2,263.33,1545064.8,930608.22,614456.58,2014,12,mon,173.87,14 days
Sub-Saharan Africa,Liberia,Beverages,Online,L,19-05-2014,285884702,10-06-2014,8491,47.45,31.79,402897.95,269928.89,132969.06,2014,5,sun,15.66,22 days
Australia and Oceania,Vanuatu,Cosmetics,Online,H,04-08-2012,356506621,03-09-2012,7086,437.2,263.33,3097999.2,1865956.38,1232042.82,2012,8,fri,173.87,30 days
Australia and Oceania,Kiribati,Baby Food,Offline,L,15-08-2010,280749452,01-10-2010,8856,255.28,159.42,2260759.68,1411823.52,848936.16,2010,8,sat,95.86,47 days
Middle East and North Africa,Turkey,Baby Food,Online,M,26-04-2014,224287021,17-05-2014,368,255.28,159.42,93943.04,58666.56,35276.48,2014,4,fri,95.86,21 days
Europe,San Marino,Fruits,Offline,M,10-06-2015,873105657,23-06-2015,221,9.33,6.92,2061.93,1529.32,532.61,2015,6,tue,2.41,13 days
Europe,Vatican City,Snacks,Offline,C,12-08-2010,283504188,02-09-2010,4044,152.58,97.44,617033.52,394047.36,222986.16,2010,8,wed,55.14,21 days
Middle East and North Africa,Morocco,Beverages,Offline,C,28-08-2012,632093942,05-09-2012,9499,47.45,31.79,450727.55,301973.21,148754.34,2012,8,mon,15.66,8 days
Sub-Saharan Africa,Equatorial Guinea,Meat,Offline,L,15-07-2016,565798747,09-08-2016,1277,421.89,364.69,538753.53,465709.13,73044.4,2016,7,thur,57.2,25 days
Middle East and North Africa,Jordan,Vegetables,Online,M,14-09-2010,151854932,19-10-2010,6104,154.06,90.93,940382.24,555036.72,385345.52,2010,9,mon,63.13,35 days
Asia,Kyrgyzstan,Vegetables,Online,H,07-03-2011,427811324,16-04-2011,7733,154.06,90.93,1191345.98,703161.69,488184.29,2011,3,sun,63.13,40 days
Sub-Saharan Africa,Republic of the Congo,Fruits,Online,L,30-04-2012,251529252,05-05-2012,1950,9.33,6.92,18193.5,13494,4699.5,2012,4,sun,2.41,5 days
Australia and Oceania,East Timor,Snacks,Offline,C,18-05-2013,351182544,22-06-2013,1574,152.58,97.44,240160.92,153370.56,86790.36,2013,5,fri,55.14,35 days
Europe,Estonia,Meat,Offline,H,10-08-2014,175257527,25-09-2014,1452,421.89,364.69,612584.28,529529.88,83054.4,2014,8,sat,57.2,46 days
Asia,Bangladesh,Snacks,Online,H,31-07-2013,142553031,11-09-2013,3465,152.58,97.44,528689.7,337629.6,191060.1,2013,7,tue,55.14,42 days
Sub-Saharan Africa,Senegal,Fruits,Offline,H,02-07-2016,292180383,15-08-2016,1523,9.33,6.92,14209.59,10539.16,3670.43,2016,7,fri,2.41,44 days
Middle East and North Africa,Pakistan,Fruits,Offline,L,13-09-2011,733563411,20-09-2011,6569,9.33,6.92,61288.77,45457.48,15831.29,2011,9,mon,2.41,7 days
Europe,Czech Republic,Beverages,Online,H,18-04-2011,296438443,19-04-2011,1578,47.45,31.79,74876.1,50164.62,24711.48,2011,4,sun,15.66,1 days
Sub-Saharan Africa,Ghana,Meat,Offline,C,09-02-2017,580854308,18-03-2017,6552,421.89,364.69,2764223.28,2389448.88,374774.4,2017,2,wed,57.2,37 days
Asia,Japan,Cosmetics,Offline,H,20-11-2016,107172334,23-12-2016,3530,437.2,263.33,1543316,929554.9,613761.1,2016,11,sat,173.87,33 days
Asia,Kazakhstan,Baby Food,Offline,H,16-10-2010,166066348,05-12-2010,1578,255.28,159.42,402831.84,251564.76,151267.08,2010,10,fri,95.86,50 days
Central America and the Caribbean,The Bahamas,Snacks,Offline,H,15-03-2015,768522679,27-03-2015,1794,152.58,97.44,273728.52,174807.36,98921.16,2015,3,sat,55.14,12 days
Sub-Saharan Africa,Ethiopia,Household,Online,M,25-06-2013,195840156,25-07-2013,2309,668.27,502.54,1543035.43,1160364.86,382670.57,2013,6,mon,165.73,30 days
Sub-Saharan Africa,Burkina Faso,Cosmetics,Offline,L,11-10-2012,849630105,09-11-2012,3284,437.2,263.33,1435764.8,864775.72,570989.08,2012,10,wed,173.87,29 days
Sub-Saharan Africa,Madagascar,Fruits,Offline,M,08-07-2017,701816356,30-07-2017,1910,9.33,6.92,17820.3,13217.2,4603.1,2017,7,fri,2.41,22 days
Europe,Netherlands,Office Supplies,Online,M,22-06-2010,944635236,27-07-2010,7413,651.21,524.96,4827419.73,3891528.48,935891.25,2010,6,mon,126.25,35 days
Europe,Greece,Vegetables,Online,L,17-02-2017,140635573,21-03-2017,6046,154.06,90.93,931446.76,549762.78,381683.98,2017,2,thur,63.13,32 days
Middle East and North Africa,Egypt,Meat,Online,C,14-01-2011,972678697,25-02-2011,6096,421.89,364.69,2571841.44,2223150.24,348691.2,2011,1,thur,57.2,42 days
Sub-Saharan Africa,South Sudan,Fruits,Online,M,09-01-2016,793938434,08-02-2016,2880,9.33,6.92,26870.4,19929.6,6940.8,2016,1,fri,2.41,30 days
Europe,Kosovo,Baby Food,Online,L,18-07-2011,177901113,13-08-2011,3747,255.28,159.42,956534.16,597346.74,359187.42,2011,7,sun,95.86,26 days
Asia,Brunei,Beverages,Online,L,16-03-2012,668365561,04-05-2012,3077,47.45,31.79,146003.65,97817.83,48185.82,2012,3,thur,15.66,49 days
Australia and Oceania,Australia,Vegetables,Online,C,15-12-2010,729443109,12-01-2011,7281,154.06,90.93,1121710.86,662061.33,459649.53,2010,12,tue,63.13,28 days
Sub-Saharan Africa,Cape Verde,Fruits,Offline,H,02-03-2013,695557582,03-04-2013,9800,9.33,6.92,91434,67816,23618,2013,3,fri,2.41,32 days
Sub-Saharan Africa,Malawi,Household,Offline,H,17-02-2010,521445310,04-04-2010,6110,668.27,502.54,4083129.7,3070519.4,1012610.3,2010,2,tue,165.73,46 days
Asia,Philippines,Personal Care,Online,L,19-02-2013,232155120,30-03-2013,8714,81.73,56.67,712195.22,493822.38,218372.84,2013,2,mon,25.06,39 days
Europe,Estonia,Beverages,Online,L,28-10-2011,373048341,12-12-2011,2149,47.45,31.79,101970.05,68316.71,33653.34,2011,10,thur,15.66,45 days
Central America and the Caribbean,Trinidad and Tobago,Office Supplies,Offline,L,26-10-2015,659798800,02-12-2015,7982,651.21,524.96,5197958.22,4190230.72,1007727.5,2015,10,sun,126.25,37 days
Asia,Mongolia,Household,Online,C,05-02-2013,428392827,05-02-2013,9812,668.27,502.54,6557065.24,4930922.48,1626142.76,2013,2,mon,165.73,0 days
Asia,Japan,Personal Care,Offline,M,25-08-2011,885129249,03-09-2011,8269,81.73,56.67,675825.37,468604.23,207221.14,2011,8,wed,25.06,9 days
Sub-Saharan Africa,Niger,Meat,Online,C,04-12-2012,156619393,05-12-2012,6014,421.89,364.69,2537246.46,2193245.66,344000.8,2012,12,mon,57.2,1 days
Middle East and North Africa,Egypt,Baby Food,Offline,M,08-09-2015,939787089,09-09-2015,2739,255.28,159.42,699211.92,436651.38,262560.54,2015,9,mon,95.86,1 days
Central America and the Caribbean,Saint Lucia,Vegetables,Online,C,01-03-2012,151868665,19-04-2012,168,154.06,90.93,25882.08,15276.24,10605.84,2012,3,wed,63.13,49 days
Middle East and North Africa,Qatar,Cereal,Offline,C,05-08-2014,180412948,24-08-2014,7055,205.7,117.11,1451213.5,826211.05,625002.45,2014,8,mon,88.59,19 days
Sub-Saharan Africa,Mali,Fruits,Offline,H,24-07-2013,333281266,28-07-2013,4188,9.33,6.92,39074.04,28980.96,10093.08,2013,7,tue,2.41,4 days
Central America and the Caribbean,Saint Lucia,Cosmetics,Online,L,26-01-2012,888647449,28-02-2012,9383,437.2,263.33,4102247.6,2470825.39,1631422.21,2012,1,wed,173.87,33 days
Sub-Saharan Africa,Swaziland,Clothes,Offline,M,10-03-2014,844997823,26-04-2014,2488,109.28,35.84,271888.64,89169.92,182718.72,2014,3,sun,73.44,47 days
Asia,Mongolia,Fruits,Online,M,12-09-2013,171131217,08-10-2013,385,9.33,6.92,3592.05,2664.2,927.85,2013,9,wed,2.41,26 days
Sub-Saharan Africa,Botswana,Office Supplies,Online,C,05-01-2013,256158959,18-01-2013,1983,651.21,524.96,1291349.43,1040995.68,250353.75,2013,1,fri,126.25,13 days
Europe,San Marino,Cosmetics,Online,H,28-10-2011,759504878,08-12-2011,3226,437.2,263.33,1410407.2,849502.58,560904.62,2011,10,thur,173.87,41 days
Middle East and North Africa,Oman,Fruits,Online,C,21-11-2010,960905301,25-11-2010,2087,9.33,6.92,19471.71,14442.04,5029.67,2010,11,sat,2.41,4 days
Asia,Bangladesh,Office Supplies,Offline,C,28-10-2015,210409057,04-12-2015,3570,651.21,524.96,2324819.7,1874107.2,450712.5,2015,10,tue,126.25,37 days
Sub-Saharan Africa,Namibia,Cosmetics,Offline,C,29-07-2010,178377473,01-09-2010,4713,437.2,263.33,2060523.6,1241074.29,819449.31,2010,7,wed,173.87,34 days
Asia,Mongolia,Fruits,Online,M,30-03-2014,805484378,01-05-2014,9582,9.33,6.92,89400.06,66307.44,23092.62,2014,3,sat,2.41,32 days
Asia,North Korea,Beverages,Online,C,14-09-2016,752716100,12-10-2016,4276,47.45,31.79,202896.2,135934.04,66962.16,2016,9,tue,15.66,28 days
Europe,Latvia,Clothes,Online,M,06-09-2012,551371467,15-09-2012,1925,109.28,35.84,210364,68992,141372,2012,9,wed,73.44,9 days
Sub-Saharan Africa,Burundi,Snacks,Offline,M,08-02-2013,353061807,05-03-2013,7689,152.58,97.44,1173187.62,749216.16,423971.46,2013,2,thur,55.14,25 days
Sub-Saharan Africa,Seychelles ,Personal Care,Online,C,17-01-2011,379710948,30-01-2011,3762,81.73,56.67,307468.26,213192.54,94275.72,2011,1,sun,25.06,13 days
Sub-Saharan Africa,Kenya,Cereal,Online,H,11-10-2015,473555219,06-11-2015,4368,205.7,117.11,898497.6,511536.48,386961.12,2015,10,sat,88.59,26 days
Sub-Saharan Africa,Benin,Office Supplies,Online,C,21-02-2011,547143447,23-02-2011,760,651.21,524.96,494919.6,398969.6,95950,2011,2,sun,126.25,2 days
Central America and the Caribbean,Saint Lucia,Personal Care,Online,C,29-04-2012,133336961,13-06-2012,6225,81.73,56.67,508769.25,352770.75,155998.5,2012,4,sat,25.06,45 days
Middle East and North Africa,Qatar,Meat,Online,H,30-08-2016,635309588,14-10-2016,1080,421.89,364.69,455641.2,393865.2,61776,2016,8,mon,57.2,45 days
Sub-Saharan Africa,Mozambique,Beverages,Online,C,20-12-2014,376547658,26-12-2014,7675,47.45,31.79,364178.75,243988.25,120190.5,2014,12,fri,15.66,6 days
Middle East and North Africa,Pakistan,Clothes,Offline,M,28-06-2010,450849997,21-07-2010,5388,109.28,35.84,588800.64,193105.92,395694.72,2010,6,sun,73.44,23 days
Asia,Taiwan,Personal Care,Online,M,06-02-2015,672327935,06-02-2015,5631,81.73,56.67,460221.63,319108.77,141112.86,2015,2,thur,25.06,0 days
Central America and the Caribbean,Cuba,Cereal,Offline,L,30-03-2015,925405299,01-05-2015,6847,205.7,117.11,1408427.9,801852.17,606575.73,2015,3,sun,88.59,32 days
Central America and the Caribbean,Cuba,Household,Offline,H,28-07-2013,714818418,24-08-2013,9509,668.27,502.54,6354579.43,4778652.86,1575926.57,2013,7,sat,165.73,27 days
Europe,Russia,Beverages,Offline,C,06-01-2010,515616118,05-02-2010,1122,47.45,31.79,53238.9,35668.38,17570.52,2010,1,tue,15.66,30 days
Europe,Switzerland,Cereal,Offline,C,20-02-2013,423159730,11-04-2013,1222,205.7,117.11,251365.4,143108.42,108256.98,2013,2,tue,88.59,50 days
Europe,Czech Republic,Personal Care,Offline,H,25-08-2013,603123080,29-09-2013,6377,81.73,56.67,521192.21,361384.59,159807.62,2013,8,sat,25.06,35 days
Europe,Poland,Meat,Offline,C,16-11-2010,841492497,31-12-2010,5185,421.89,364.69,2187499.65,1890917.65,296582,2010,11,mon,57.2,45 days
Sub-Saharan Africa,Mauritius ,Cereal,Offline,L,02-08-2016,994566810,01-09-2016,3275,205.7,117.11,673667.5,383535.25,290132.25,2016,8,mon,88.59,30 days
Middle East and North Africa,Pakistan,Vegetables,Offline,M,25-04-2013,538957345,25-04-2013,8310,154.06,90.93,1280238.6,755628.3,524610.3,2013,4,wed,63.13,0 days
Sub-Saharan Africa,South Africa,Fruits,Offline,L,02-03-2011,821587932,11-03-2011,4981,9.33,6.92,46472.73,34468.52,12004.21,2011,3,tue,2.41,9 days
Sub-Saharan Africa,Seychelles ,Household,Online,C,28-09-2013,109694898,16-10-2013,13,668.27,502.54,8687.51,6533.02,2154.49,2013,9,fri,165.73,18 days
Sub-Saharan Africa,Benin,Meat,Offline,M,05-05-2014,340827071,05-06-2014,7159,421.89,364.69,3020310.51,2610815.71,409494.8,2014,5,sun,57.2,31 days
Sub-Saharan Africa,Benin,Meat,Offline,L,28-11-2014,372845780,09-12-2014,2207,421.89,364.69,931111.23,804870.83,126240.4,2014,11,thur,57.2,11 days
Central America and the Caribbean,Nicaragua,Fruits,Online,M,30-08-2014,933924853,13-09-2014,7973,9.33,6.92,74388.09,55173.16,19214.93,2014,8,fri,2.41,14 days
Middle East and North Africa,Lebanon,Office Supplies,Online,L,20-11-2013,572550618,25-11-2013,9306,651.21,524.96,6060160.26,4885277.76,1174882.5,2013,11,tue,126.25,5 days
Europe,Moldova ,Meat,Online,M,23-02-2010,607521903,05-04-2010,8086,421.89,364.69,3411402.54,2948883.34,462519.2,2010,2,mon,57.2,41 days
Middle East and North Africa,Tunisia ,Snacks,Online,H,20-03-2017,177950036,29-04-2017,8225,152.58,97.44,1254970.5,801444,453526.5,2017,3,sun,55.14,40 days
Australia and Oceania,Vanuatu,Beverages,Offline,M,08-11-2015,293258845,14-11-2015,664,47.45,31.79,31506.8,21108.56,10398.24,2015,11,sat,15.66,6 days
Sub-Saharan Africa,South Sudan,Beverages,Online,C,09-08-2010,683184659,23-08-2010,8377,47.45,31.79,397488.65,266304.83,131183.82,2010,8,sun,15.66,14 days
Europe,Sweden,Cereal,Online,L,12-11-2010,247776305,30-11-2010,1370,205.7,117.11,281809,160440.7,121368.3,2010,11,thur,88.59,18 days
Europe,Ireland,Meat,Offline,C,14-12-2011,207395112,26-01-2012,1677,421.89,364.69,707509.53,611585.13,95924.4,2011,12,tue,57.2,43 days
Europe,Italy,Vegetables,Offline,L,10-01-2014,952714908,25-02-2014,8367,154.06,90.93,1289020.02,760811.31,528208.71,2014,1,thur,63.13,46 days
Europe,Bosnia and Herzegovina,Vegetables,Online,C,03-10-2010,694722020,03-10-2010,2539,154.06,90.93,391158.34,230871.27,160287.07,2010,10,sat,63.13,0 days
Europe,Bosnia and Herzegovina,Household,Online,H,15-10-2015,414715278,04-11-2015,2321,668.27,502.54,1551054.67,1166395.34,384659.33,2015,10,wed,165.73,20 days
Europe,Poland,Snacks,Offline,M,20-07-2013,714306008,17-08-2013,7876,152.58,97.44,1201720.08,767437.44,434282.64,2013,7,fri,55.14,28 days
Middle East and North Africa,Kuwait,Snacks,Online,H,19-01-2016,465418040,26-02-2016,6396,152.58,97.44,975901.68,623226.24,352675.44,2016,1,mon,55.14,38 days
Sub-Saharan Africa,Sudan,Cereal,Online,M,17-08-2013,860287702,11-09-2013,7103,205.7,117.11,1461087.1,831832.33,629254.77,2013,8,fri,88.59,25 days
Middle East and North Africa,Saudi Arabia,Vegetables,Online,C,16-08-2016,461463820,20-08-2016,6254,154.06,90.93,963491.24,568676.22,394815.02,2016,8,mon,63.13,4 days
Sub-Saharan Africa,Swaziland,Baby Food,Offline,M,25-09-2013,151807725,29-09-2013,2134,255.28,159.42,544767.52,340202.28,204565.24,2013,9,tue,95.86,4 days
Sub-Saharan Africa,Rwanda,Meat,Offline,C,21-08-2013,884493243,02-10-2013,61,421.89,364.69,25735.29,22246.09,3489.2,2013,8,tue,57.2,42 days
Asia,Cambodia,Cosmetics,Offline,M,10-12-2010,533006703,23-01-2011,7383,437.2,263.33,3227847.6,1944165.39,1283682.21,2010,12,thur,173.87,44 days
Sub-Saharan Africa,Central African Republic,Vegetables,Online,C,04-09-2012,641146934,04-10-2012,8480,154.06,90.93,1306428.8,771086.4,535342.4,2012,9,mon,63.13,30 days
Asia,Maldives,Cosmetics,Offline,M,15-10-2011,573025262,14-11-2011,9764,437.2,263.33,4268820.8,2571154.12,1697666.68,2011,10,fri,173.87,30 days
Sub-Saharan Africa,Djibouti,Household,Offline,C,26-08-2013,663065516,09-09-2013,4676,668.27,502.54,3124830.52,2349877.04,774953.48,2013,8,sun,165.73,14 days
Asia,Tajikistan,Beverages,Online,M,17-02-2017,866004025,04-03-2017,8691,47.45,31.79,412387.95,276286.89,136101.06,2017,2,thur,15.66,15 days
Asia,Sri Lanka,Baby Food,Online,H,19-10-2010,306889617,21-10-2010,4312,255.28,159.42,1100767.36,687419.04,413348.32,2010,10,mon,95.86,2 days
Europe,Montenegro,Personal Care,Online,M,30-07-2014,431083619,10-08-2014,6077,81.73,56.67,496673.21,344383.59,152289.62,2014,7,tue,25.06,11 days
Middle East and North Africa,United Arab Emirates,Personal Care,Online,H,21-05-2015,954259860,04-06-2015,5553,81.73,56.67,453846.69,314688.51,139158.18,2015,5,wed,25.06,14 days
Central America and the Caribbean,Dominican Republic,Personal Care,Offline,C,05-05-2016,312404668,21-06-2016,6338,81.73,56.67,518004.74,359174.46,158830.28,2016,5,wed,25.06,47 days
Sub-Saharan Africa,Seychelles ,Office Supplies,Offline,C,14-04-2010,611816871,16-05-2010,9063,651.21,524.96,5901916.23,4757712.48,1144203.75,2010,4,tue,126.25,32 days
Europe,Iceland,Office Supplies,Online,C,26-10-2013,879107797,02-11-2013,6388,651.21,524.96,4159929.48,3353444.48,806485,2013,10,fri,126.25,7 days
Sub-Saharan Africa,Nigeria,Vegetables,Offline,C,21-07-2010,211201274,09-09-2010,8005,154.06,90.93,1233250.3,727894.65,505355.65,2010,7,tue,63.13,50 days
Sub-Saharan Africa,Rwanda,Fruits,Online,H,09-06-2015,925333631,25-07-2015,5639,9.33,6.92,52611.87,39021.88,13589.99,2015,6,mon,2.41,46 days
Europe,Hungary,Snacks,Offline,C,03-06-2010,909053695,27-06-2010,8044,152.58,97.44,1227353.52,783807.36,443546.16,2010,6,wed,55.14,24 days
Europe,Belarus,Baby Food,Online,L,17-05-2016,370222795,11-06-2016,6007,255.28,159.42,1533466.96,957635.94,575831.02,2016,5,mon,95.86,25 days
Sub-Saharan Africa,South Sudan,Cosmetics,Offline,H,03-08-2013,487014758,30-08-2013,7344,437.2,263.33,3210796.8,1933895.52,1276901.28,2013,8,fri,173.87,27 days
Europe,Andorra,Vegetables,Online,M,15-09-2013,257915914,06-10-2013,1905,154.06,90.93,293484.3,173221.65,120262.65,2013,9,sat,63.13,21 days
Asia,Japan,Meat,Offline,M,02-07-2010,551725089,10-08-2010,6569,421.89,364.69,2771395.41,2395648.61,375746.8,2010,7,thur,57.2,39 days
Central America and the Caribbean,El Salvador,Meat,Offline,L,18-12-2013,957553613,10-01-2014,248,421.89,364.69,104628.72,90443.12,14185.6,2013,12,tue,57.2,23 days
Sub-Saharan Africa,Kenya,Office Supplies,Offline,L,19-03-2016,234825313,23-03-2016,8883,651.21,524.96,5784698.43,4663219.68,1121478.75,2016,3,fri,126.25,4 days
Europe,Bosnia and Herzegovina,Snacks,Online,M,09-06-2010,363276517,09-07-2010,449,152.58,97.44,68508.42,43750.56,24757.86,2010,6,tue,55.14,30 days
Europe,Andorra,Personal Care,Online,M,21-05-2017,692956054,23-06-2017,9950,81.73,56.67,813213.5,563866.5,249347,2017,5,sat,25.06,33 days
Sub-Saharan Africa,Cape Verde,Cosmetics,Online,H,12-06-2013,194225251,19-06-2013,4423,437.2,263.33,1933735.6,1164708.59,769027.01,2013,6,tue,173.87,7 days
Australia and Oceania,Nauru,Fruits,Online,L,22-02-2010,607757937,05-04-2010,7934,9.33,6.92,74024.22,54903.28,19120.94,2010,2,sun,2.41,42 days
Europe,Czech Republic,Cereal,Offline,H,29-06-2012,594540441,30-07-2012,6583,205.7,117.11,1354123.1,770935.13,583187.97,2012,6,thur,88.59,31 days
Europe,Serbia,Vegetables,Online,L,23-03-2015,685871589,05-04-2015,3500,154.06,90.93,539210,318255,220955,2015,3,sun,63.13,13 days
Australia and Oceania,Tuvalu,Cereal,Offline,C,12-02-2014,133362710,23-03-2014,3844,205.7,117.11,790710.8,450170.84,340539.96,2014,2,tue,88.59,39 days
Sub-Saharan Africa,Madagascar,Clothes,Offline,H,22-05-2017,958937633,05-07-2017,9810,109.28,35.84,1072036.8,351590.4,720446.4,2017,5,sun,73.44,44 days
Sub-Saharan Africa,Ethiopia,Vegetables,Online,C,06-08-2011,304832684,06-09-2011,5620,154.06,90.93,865817.2,511026.6,354790.6,2011,8,fri,63.13,31 days
Asia,Malaysia,Baby Food,Offline,L,14-11-2010,783596694,24-12-2010,2530,255.28,159.42,645858.4,403332.6,242525.8,2010,11,sat,95.86,40 days
Sub-Saharan Africa,Tanzania,Household,Offline,C,05-04-2015,128090989,27-04-2015,3825,668.27,502.54,2556132.75,1922215.5,633917.25,2015,4,sat,165.73,22 days
Sub-Saharan Africa,Cote d'Ivoire,Vegetables,Offline,M,08-07-2014,641489398,28-07-2014,9823,154.06,90.93,1513331.38,893205.39,620125.99,2014,7,mon,63.13,20 days
Australia and Oceania,Solomon Islands,Clothes,Offline,M,09-08-2014,647278249,16-09-2014,2873,109.28,35.84,313961.44,102968.32,210993.12,2014,8,fri,73.44,38 days
Europe,Netherlands,Clothes,Online,H,13-03-2011,339256370,31-03-2011,2354,109.28,35.84,257245.12,84367.36,172877.76,2011,3,sat,73.44,18 days
Sub-Saharan Africa,Mali,Baby Food,Offline,M,02-03-2016,431535089,19-03-2016,9677,255.28,159.42,2470344.56,1542707.34,927637.22,2016,3,tue,95.86,17 days
Middle East and North Africa,Afghanistan,Cereal,Offline,C,19-12-2015,808538234,16-01-2016,3286,205.7,117.11,675930.2,384823.46,291106.74,2015,12,fri,88.59,28 days
Europe,Moldova ,Personal Care,Online,C,28-03-2013,975002133,07-04-2013,3653,81.73,56.67,298559.69,207015.51,91544.18,2013,3,wed,25.06,10 days
Asia,Bhutan,Snacks,Online,H,27-06-2015,505975615,04-07-2015,8283,152.58,97.44,1263820.14,807095.52,456724.62,2015,6,fri,55.14,7 days
Asia,Vietnam,Vegetables,Offline,M,18-02-2016,396820008,20-03-2016,6714,154.06,90.93,1034358.84,610504.02,423854.82,2016,2,wed,63.13,31 days
Europe,Portugal,Vegetables,Online,H,14-06-2013,813209140,10-07-2013,5511,154.06,90.93,849024.66,501115.23,347909.43,2013,6,thur,63.13,26 days
Europe,Spain,Baby Food,Online,M,10-05-2014,641129338,14-05-2014,3273,255.28,159.42,835531.44,521781.66,313749.78,2014,5,fri,95.86,4 days
Middle East and North Africa,Egypt,Meat,Offline,C,17-06-2015,636879432,03-07-2015,5632,421.89,364.69,2376084.48,2053934.08,322150.4,2015,6,tue,57.2,16 days
Europe,Belgium,Snacks,Online,C,11-06-2014,277070748,02-07-2014,246,152.58,97.44,37534.68,23970.24,13564.44,2014,6,tue,55.14,21 days
Asia,Malaysia,Cosmetics,Offline,H,03-11-2013,908627116,24-11-2013,1810,437.2,263.33,791332,476627.3,314704.7,2013,11,sat,173.87,21 days
Central America and the Caribbean,Dominican Republic,Cosmetics,Offline,C,02-04-2017,798784863,02-05-2017,7047,437.2,263.33,3080948.4,1855686.51,1225261.89,2017,4,sat,173.87,30 days
Europe,Estonia,Beverages,Offline,H,28-05-2010,985092818,17-07-2010,9711,47.45,31.79,460786.95,308712.69,152074.26,2010,5,thur,15.66,50 days
Sub-Saharan Africa,Burundi,Snacks,Offline,C,22-05-2010,325412309,07-07-2010,5588,152.58,97.44,852617.04,544494.72,308122.32,2010,5,fri,55.14,46 days
Europe,Latvia,Beverages,Online,M,02-06-2016,447917163,24-06-2016,7497,47.45,31.79,355732.65,238329.63,117403.02,2016,6,wed,15.66,22 days
Asia,Tajikistan,Meat,Offline,M,22-08-2013,801093709,05-10-2013,285,421.89,364.69,120238.65,103936.65,16302,2013,8,wed,57.2,44 days
Sub-Saharan Africa,Zimbabwe,Fruits,Offline,H,05-10-2014,903740775,23-10-2014,5833,9.33,6.92,54421.89,40364.36,14057.53,2014,10,sat,2.41,18 days
Sub-Saharan Africa,Comoros,Meat,Offline,L,31-10-2010,794969689,13-11-2010,8052,421.89,364.69,3397058.28,2936483.88,460574.4,2010,10,sat,57.2,13 days
Sub-Saharan Africa,Namibia,Clothes,Online,L,27-11-2012,584204280,01-01-2013,7884,109.28,35.84,861563.52,282562.56,579000.96,2012,11,mon,73.44,35 days
Europe,Slovenia,Cereal,Offline,H,22-05-2010,901180875,26-05-2010,8302,205.7,117.11,1707721.4,972247.22,735474.18,2010,5,fri,88.59,4 days
Europe,Bulgaria,Snacks,Offline,L,31-08-2012,645948302,29-09-2012,9312,152.58,97.44,1420824.96,907361.28,513463.68,2012,8,thur,55.14,29 days
Sub-Saharan Africa,Guinea-Bissau,Cereal,Online,L,23-01-2015,138867890,22-02-2015,2950,205.7,117.11,606815,345474.5,261340.5,2015,1,thur,88.59,30 days
Sub-Saharan Africa,Lesotho,Beverages,Offline,L,02-03-2010,670613467,21-03-2010,8282,47.45,31.79,392980.9,263284.78,129696.12,2010,3,mon,15.66,19 days
Asia,Sri Lanka,Cosmetics,Offline,L,09-05-2014,452171361,27-05-2014,6409,437.2,263.33,2802014.8,1687681.97,1114332.83,2014,5,thur,173.87,18 days
Australia and Oceania,East Timor,Snacks,Online,H,28-12-2010,464840400,05-02-2011,5459,152.58,97.44,832934.22,531924.96,301009.26,2010,12,mon,55.14,39 days
Europe,Belarus,Household,Online,M,19-10-2014,410231912,24-10-2014,5594,668.27,502.54,3738302.38,2811208.76,927093.62,2014,10,sat,165.73,5 days
Sub-Saharan Africa,Benin,Meat,Offline,H,21-01-2015,960269725,22-02-2015,4006,421.89,364.69,1690091.34,1460948.14,229143.2,2015,1,tue,57.2,32 days
Europe,Ireland,Beverages,Offline,L,04-04-2017,607190167,18-05-2017,9919,47.45,31.79,470656.55,315325.01,155331.54,2017,4,mon,15.66,44 days
Middle East and North Africa,Iran,Meat,Offline,H,05-08-2016,613542068,11-08-2016,9587,421.89,364.69,4044659.43,3496283.03,548376.4,2016,8,thur,57.2,6 days
Sub-Saharan Africa,Benin,Household,Offline,C,26-11-2016,962186753,12-01-2017,1297,668.27,502.54,866746.19,651794.38,214951.81,2016,11,fri,165.73,47 days
Sub-Saharan Africa,South Sudan,Beverages,Online,L,23-09-2011,806298053,24-10-2011,366,47.45,31.79,17366.7,11635.14,5731.56,2011,9,thur,15.66,31 days
Sub-Saharan Africa,Comoros,Personal Care,Online,L,24-10-2010,719362294,03-12-2010,4144,81.73,56.67,338689.12,234840.48,103848.64,2010,10,sat,25.06,40 days
Europe,Poland,Baby Food,Online,H,14-08-2013,445178306,22-09-2013,7008,255.28,159.42,1789002.24,1117215.36,671786.88,2013,8,tue,95.86,39 days
Europe,Bosnia and Herzegovina,Cosmetics,Offline,C,04-02-2013,247857415,15-02-2013,5372,437.2,263.33,2348638.4,1414608.76,934029.64,2013,2,sun,173.87,11 days
Sub-Saharan Africa,Namibia,Vegetables,Offline,C,11-08-2014,461823451,04-09-2014,2677,154.06,90.93,412418.62,243419.61,168999.01,2014,8,sun,63.13,24 days
Europe,Spain,Office Supplies,Offline,C,12-01-2017,141812741,24-01-2017,4396,651.21,524.96,2862719.16,2307724.16,554995,2017,1,wed,126.25,12 days
Middle East and North Africa,Iran,Meat,Online,C,03-07-2016,212874114,17-08-2016,3036,421.89,364.69,1280858.04,1107198.84,173659.2,2016,7,sat,57.2,45 days
Central America and the Caribbean,Guatemala,Office Supplies,Offline,C,27-03-2010,320368897,02-04-2010,3131,651.21,524.96,2038938.51,1643649.76,395288.75,2010,3,fri,126.25,6 days
Australia and Oceania,East Timor,Beverages,Online,C,05-06-2015,179970920,25-06-2015,6249,47.45,31.79,296515.05,198655.71,97859.34,2015,6,thur,15.66,20 days
Middle East and North Africa,Bahrain,Household,Online,H,27-06-2012,927666509,17-07-2012,5990,668.27,502.54,4002937.3,3010214.6,992722.7,2012,6,tue,165.73,20 days
Sub-Saharan Africa,Ethiopia,Office Supplies,Online,L,19-12-2016,169754493,20-01-2017,2982,651.21,524.96,1941908.22,1565430.72,376477.5,2016,12,sun,126.25,32 days
Australia and Oceania,Solomon Islands,Personal Care,Offline,M,09-03-2015,532846200,20-04-2015,9886,81.73,56.67,807982.78,560239.62,247743.16,2015,3,sun,25.06,42 days
Central America and the Caribbean,Belize,Snacks,Online,C,18-06-2013,213865458,13-07-2013,6397,152.58,97.44,976054.26,623323.68,352730.58,2013,6,mon,55.14,25 days
Asia,Sri Lanka,Office Supplies,Online,C,12-08-2011,630048596,03-09-2011,4236,651.21,524.96,2758525.56,2223730.56,534795,2011,8,thur,126.25,22 days
Central America and the Caribbean,Costa Rica,Clothes,Offline,H,17-04-2014,568944442,24-04-2014,2158,109.28,35.84,235826.24,77342.72,158483.52,2014,4,wed,73.44,7 days
Sub-Saharan Africa,Nigeria,Baby Food,Online,L,03-02-2012,238414323,27-02-2012,951,255.28,159.42,242771.28,151608.42,91162.86,2012,2,thur,95.86,24 days
Middle East and North Africa,Iran,Office Supplies,Online,L,01-08-2015,816632068,19-09-2015,8431,651.21,524.96,5490351.51,4425937.76,1064413.75,2015,8,fri,126.25,49 days
Sub-Saharan Africa,Djibouti,Baby Food,Online,C,11-09-2013,402084004,05-10-2013,4447,255.28,159.42,1135230.16,708940.74,426289.42,2013,9,tue,95.86,24 days
Asia,South Korea,Snacks,Online,L,08-05-2015,763568961,07-06-2015,5879,152.58,97.44,897017.82,572849.76,324168.06,2015,5,thur,55.14,30 days
Central America and the Caribbean,Dominica,Snacks,Offline,L,22-05-2015,590198266,01-06-2015,1637,152.58,97.44,249773.46,159509.28,90264.18,2015,5,thur,55.14,10 days
Asia,Vietnam,Snacks,Online,L,03-07-2013,441395747,19-08-2013,7665,152.58,97.44,1169525.7,746877.6,422648.1,2013,7,tue,55.14,47 days
Europe,Norway,Personal Care,Offline,H,16-06-2010,496897733,21-07-2010,1936,81.73,56.67,158229.28,109713.12,48516.16,2010,6,tue,25.06,35 days
Central America and the Caribbean,Haiti,Beverages,Online,C,08-11-2011,106753051,14-11-2011,9455,47.45,31.79,448639.75,300574.45,148065.3,2011,11,mon,15.66,6 days
Central America and the Caribbean,Jamaica,Fruits,Offline,L,17-10-2016,941323029,27-10-2016,7258,9.33,6.92,67717.14,50225.36,17491.78,2016,10,sun,2.41,10 days
Sub-Saharan Africa,Sudan,Vegetables,Offline,M,02-02-2014,241281497,03-03-2014,9412,154.06,90.93,1450012.72,855833.16,594179.56,2014,2,sat,63.13,29 days
Sub-Saharan Africa,Angola,Meat,Offline,L,30-04-2016,267614781,12-05-2016,2016,421.89,364.69,850530.24,735215.04,115315.2,2016,4,fri,57.2,12 days
Central America and the Caribbean,Panama,Cosmetics,Offline,M,31-08-2010,651621711,16-10-2010,8200,437.2,263.33,3585040,2159306,1425734,2010,8,mon,173.87,46 days
Europe,Greece,Personal Care,Online,M,08-08-2015,644913613,07-09-2015,3124,81.73,56.67,255324.52,177037.08,78287.44,2015,8,fri,25.06,30 days
Sub-Saharan Africa,Madagascar,Cereal,Offline,H,18-08-2016,469414317,19-08-2016,8983,205.7,117.11,1847803.1,1051999.13,795803.97,2016,8,wed,88.59,1 days
Sub-Saharan Africa,Guinea-Bissau,Clothes,Online,L,18-06-2015,867360150,01-07-2015,9998,109.28,35.84,1092581.44,358328.32,734253.12,2015,6,wed,73.44,13 days
North America,Greenland,Clothes,Online,L,28-01-2011,851299941,01-02-2011,7425,109.28,35.84,811404,266112,545292,2011,1,thur,73.44,4 days
Middle East and North Africa,Libya,Beverages,Offline,H,04-02-2011,854095017,04-03-2011,4550,47.45,31.79,215897.5,144644.5,71253,2011,2,thur,15.66,28 days
Europe,Belarus,Vegetables,Offline,C,03-11-2012,478919208,27-11-2012,1691,154.06,90.93,260515.46,153762.63,106752.83,2012,11,fri,63.13,24 days
Middle East and North Africa,Lebanon,Clothes,Offline,H,18-09-2014,749258840,05-11-2014,1196,109.28,35.84,130698.88,42864.64,87834.24,2014,9,wed,73.44,48 days
Sub-Saharan Africa,Djibouti,Baby Food,Offline,H,17-05-2012,958912742,28-06-2012,2444,255.28,159.42,623904.32,389622.48,234281.84,2012,5,wed,95.86,42 days
Central America and the Caribbean,Barbados,Personal Care,Online,C,20-02-2010,921992242,04-03-2010,6848,81.73,56.67,559687.04,388076.16,171610.88,2010,2,fri,25.06,12 days
Sub-Saharan Africa,Guinea-Bissau,Vegetables,Online,L,28-02-2017,522921168,02-03-2017,2849,154.06,90.93,438916.94,259059.57,179857.37,2017,2,mon,63.13,2 days
Europe,Finland,Personal Care,Offline,C,17-05-2013,166435849,07-06-2013,921,81.73,56.67,75273.33,52193.07,23080.26,2013,5,thur,25.06,21 days
Central America and the Caribbean,Haiti,Baby Food,Offline,L,09-11-2013,327585113,23-11-2013,8569,255.28,159.42,2187494.32,1366069.98,821424.34,2013,11,fri,95.86,14 days
Sub-Saharan Africa,Niger,Clothes,Offline,M,10-01-2012,201730287,19-02-2012,5330,109.28,35.84,582462.4,191027.2,391435.2,2012,1,mon,73.44,40 days
Central America and the Caribbean,Trinidad and Tobago,Fruits,Offline,L,24-09-2013,854545199,09-11-2013,7769,9.33,6.92,72484.77,53761.48,18723.29,2013,9,mon,2.41,46 days
Central America and the Caribbean,Grenada,Personal Care,Online,M,26-09-2010,272016179,08-11-2010,4487,81.73,56.67,366722.51,254278.29,112444.22,2010,9,sat,25.06,43 days
Central America and the Caribbean,Dominican Republic,Cereal,Offline,H,21-10-2014,110442054,20-11-2014,1113,205.7,117.11,228944.1,130343.43,98600.67,2014,10,mon,88.59,30 days
Europe,Monaco,Household,Offline,C,17-01-2016,746434152,05-02-2016,5308,668.27,502.54,3547177.16,2667482.32,879694.84,2016,1,sat,165.73,19 days
Europe,Estonia,Vegetables,Online,L,27-12-2016,826916301,07-01-2017,1764,154.06,90.93,271761.84,160400.52,111361.32,2016,12,mon,63.13,11 days
Europe,Italy,Beverages,Offline,H,30-08-2013,419124829,19-09-2013,7206,47.45,31.79,341924.7,229078.74,112845.96,2013,8,thur,15.66,20 days
Asia,Malaysia,Office Supplies,Online,C,07-07-2014,560608565,24-08-2014,5387,651.21,524.96,3508068.27,2827959.52,680108.75,2014,7,sun,126.25,48 days
Sub-Saharan Africa,Ghana,Office Supplies,Offline,L,29-11-2013,109228837,07-12-2013,2095,651.21,524.96,1364284.95,1099791.2,264493.75,2013,11,thur,126.25,8 days
Middle East and North Africa,Pakistan,Clothes,Offline,C,29-01-2011,693159472,05-02-2011,146,109.28,35.84,15954.88,5232.64,10722.24,2011,1,fri,73.44,7 days
Asia,Sri Lanka,Snacks,Offline,L,13-11-2013,860886800,23-11-2013,4390,152.58,97.44,669826.2,427761.6,242064.6,2013,11,tue,55.14,10 days
Europe,Romania,Fruits,Offline,C,09-04-2012,131209647,03-05-2012,6705,9.33,6.92,62557.65,46398.6,16159.05,2012,4,sun,2.41,24 days
Middle East and North Africa,Qatar,Office Supplies,Online,H,28-06-2012,343239343,13-07-2012,1004,651.21,524.96,653814.84,527059.84,126755,2012,6,wed,126.25,15 days
Sub-Saharan Africa,Cote d'Ivoire,Clothes,Online,H,08-06-2010,706399714,19-07-2010,8228,109.28,35.84,899155.84,294891.52,604264.32,2010,6,mon,73.44,41 days
Middle East and North Africa,Egypt,Office Supplies,Online,M,23-08-2010,950427091,14-09-2010,1352,651.21,524.96,880435.92,709745.92,170690,2010,8,sun,126.25,22 days
Middle East and North Africa,Iran,Snacks,Offline,H,11-12-2014,875370299,28-12-2014,379,152.58,97.44,57827.82,36929.76,20898.06,2014,12,wed,55.14,17 days
Middle East and North Africa,Somalia,Clothes,Online,C,27-01-2011,801590669,15-03-2011,7347,109.28,35.84,802880.16,263316.48,539563.68,2011,1,wed,73.44,47 days
Middle East and North Africa,Syria,Personal Care,Offline,C,07-05-2014,219762027,28-05-2014,1322,81.73,56.67,108047.06,74917.74,33129.32,2014,5,tue,25.06,21 days
Australia and Oceania,Solomon Islands,Cereal,Offline,C,08-11-2010,940870702,21-11-2010,3404,205.7,117.11,700202.8,398642.44,301560.36,2010,11,sun,88.59,13 days
Central America and the Caribbean,Guatemala,Fruits,Online,M,30-03-2014,346215522,04-05-2014,1721,9.33,6.92,16056.93,11909.32,4147.61,2014,3,sat,2.41,35 days
Middle East and North Africa,Kuwait,Clothes,Offline,C,09-07-2016,837407815,20-07-2016,6436,109.28,35.84,703326.08,230666.24,472659.84,2016,7,fri,73.44,11 days
Middle East and North Africa,Jordan,Meat,Online,L,15-07-2014,386371409,19-07-2014,4741,421.89,364.69,2000180.49,1728995.29,271185.2,2014,7,mon,57.2,4 days
Australia and Oceania,Marshall Islands,Beverages,Offline,H,14-10-2013,185342633,24-11-2013,5859,47.45,31.79,278009.55,186257.61,91751.94,2013,10,sun,15.66,41 days
Middle East and North Africa,Egypt,Snacks,Offline,C,13-01-2017,596870315,18-02-2017,6045,152.58,97.44,922346.1,589024.8,333321.3,2017,1,thur,55.14,36 days
Europe,Switzerland,Meat,Online,C,22-12-2012,703815782,07-01-2013,3585,421.89,364.69,1512475.65,1307413.65,205062,2012,12,fri,57.2,16 days
Australia and Oceania,Samoa ,Personal Care,Online,C,16-04-2010,559352862,04-06-2010,3797,81.73,56.67,310328.81,215175.99,95152.82,2010,4,thur,25.06,49 days
Europe,Portugal,Cosmetics,Offline,C,27-02-2011,736967885,12-03-2011,4029,437.2,263.33,1761478.8,1060956.57,700522.23,2011,2,sat,173.87,13 days
Europe,Albania,Clothes,Offline,C,14-01-2015,980459678,09-02-2015,8661,109.28,35.84,946474.08,310410.24,636063.84,2015,1,tue,73.44,26 days
Central America and the Caribbean,Dominica,Vegetables,Offline,C,16-11-2014,653939568,06-12-2014,4105,154.06,90.93,632416.3,373267.65,259148.65,2014,11,sat,63.13,20 days
Australia and Oceania,Tuvalu,Cosmetics,Online,H,17-01-2016,991831386,29-01-2016,3803,437.2,263.33,1662671.6,1001443.99,661227.61,2016,1,sat,173.87,12 days
Australia and Oceania,Marshall Islands,Cereal,Online,L,29-05-2017,148871457,06-07-2017,3227,205.7,117.11,663793.9,377913.97,285879.93,2017,5,sun,88.59,38 days
Europe,Bulgaria,Fruits,Online,H,10-02-2015,850108611,25-02-2015,4884,9.33,6.92,45567.72,33797.28,11770.44,2015,2,mon,2.41,15 days
Sub-Saharan Africa,Niger,Office Supplies,Offline,M,08-12-2013,940904176,07-01-2014,3309,651.21,524.96,2154853.89,1737092.64,417761.25,2013,12,sat,126.25,30 days
Central America and the Caribbean,Saint Vincent and the Grenadines,Office Supplies,Offline,H,10-12-2015,136931979,13-12-2015,70,651.21,524.96,45584.7,36747.2,8837.5,2015,12,wed,126.25,3 days
Sub-Saharan Africa,Malawi,Beverages,Offline,L,04-09-2016,474178349,26-09-2016,8766,47.45,31.79,415946.7,278671.14,137275.56,2016,9,sat,15.66,22 days
Sub-Saharan Africa,Cape Verde,Personal Care,Offline,L,19-07-2016,458942115,29-07-2016,25,81.73,56.67,2043.25,1416.75,626.5,2016,7,mon,25.06,10 days
Central America and the Caribbean,Saint Vincent and the Grenadines,Beverages,Offline,C,09-01-2017,917834603,13-01-2017,6510,47.45,31.79,308899.5,206952.9,101946.6,2017,1,sun,15.66,4 days
Europe,Greece,Personal Care,Offline,H,05-11-2016,947779643,05-12-2016,7913,81.73,56.67,646729.49,448429.71,198299.78,2016,11,fri,25.06,30 days
Europe,Monaco,Clothes,Online,L,31-10-2015,166013562,26-11-2015,5957,109.28,35.84,650980.96,213498.88,437482.08,2015,10,fri,73.44,26 days
Sub-Saharan Africa,Nigeria,Beverages,Online,L,25-01-2011,960085189,13-02-2011,9397,47.45,31.79,445887.65,298730.63,147157.02,2011,1,mon,15.66,19 days
Europe,Norway,Cosmetics,Offline,C,08-11-2015,837855851,08-11-2015,9020,437.2,263.33,3943544,2375236.6,1568307.4,2015,11,sat,173.87,0 days
North America,Greenland,Snacks,Offline,L,24-06-2010,977499377,12-08-2010,2643,152.58,97.44,403268.94,257533.92,145735.02,2010,6,wed,55.14,49 days
Middle East and North Africa,Tunisia ,Beverages,Online,L,27-02-2014,377502095,03-03-2014,114,47.45,31.79,5409.3,3624.06,1785.24,2014,2,wed,15.66,4 days
Asia,Uzbekistan,Meat,Offline,H,05-02-2013,806662833,27-03-2013,8313,421.89,364.69,3507171.57,3031667.97,475503.6,2013,2,mon,57.2,50 days
Central America and the Caribbean,Saint Kitts and Nevis ,Vegetables,Online,H,15-04-2017,954092919,11-05-2017,6152,154.06,90.93,947777.12,559401.36,388375.76,2017,4,fri,63.13,26 days
Central America and the Caribbean,Belize,Meat,Online,L,09-04-2011,479216182,26-04-2011,9572,421.89,364.69,4038331.08,3490812.68,547518.4,2011,4,fri,57.2,17 days
Sub-Saharan Africa,Angola,Personal Care,Online,H,13-12-2010,461768949,30-12-2010,6548,81.73,56.67,535168.04,371075.16,164092.88,2010,12,sun,25.06,17 days
Asia,Bhutan,Meat,Online,C,13-05-2014,251800048,22-05-2014,2085,421.89,364.69,879640.65,760378.65,119262,2014,5,mon,57.2,9 days
Central America and the Caribbean,Honduras,Personal Care,Offline,L,16-01-2013,619670808,25-02-2013,3217,81.73,56.67,262925.41,182307.39,80618.02,2013,1,tue,25.06,40 days
Sub-Saharan Africa,South Sudan,Household,Offline,H,09-12-2010,606055057,23-01-2011,4014,668.27,502.54,2682435.78,2017195.56,665240.22,2010,12,wed,165.73,45 days
Asia,Kyrgyzstan,Baby Food,Online,L,24-01-2013,671939122,14-02-2013,573,255.28,159.42,146275.44,91347.66,54927.78,2013,1,wed,95.86,21 days
Sub-Saharan Africa,Sao Tome and Principe,Cosmetics,Offline,M,25-02-2014,448621833,03-03-2014,6025,437.2,263.33,2634130,1586563.25,1047566.75,2014,2,mon,173.87,6 days
Sub-Saharan Africa,Madagascar,Fruits,Online,M,23-07-2017,987714517,11-09-2017,5530,9.33,6.92,51594.9,38267.6,13327.3,2017,7,sat,2.41,50 days
Sub-Saharan Africa,Senegal,Household,Online,H,07-05-2016,711141002,14-06-2016,1280,668.27,502.54,855385.6,643251.2,212134.4,2016,5,fri,165.73,38 days
Sub-Saharan Africa,Sierra Leone,Office Supplies,Online,C,24-03-2012,361137616,18-04-2012,7501,651.21,524.96,4884726.21,3937724.96,947001.25,2012,3,fri,126.25,25 days
Asia,Malaysia,Household,Offline,H,03-10-2011,750253188,21-11-2011,5446,668.27,502.54,3639398.42,2736832.84,902565.58,2011,10,sun,165.73,49 days
Central America and the Caribbean,Cuba,Office Supplies,Online,C,22-12-2014,511349046,02-01-2015,8401,651.21,524.96,5470815.21,4410188.96,1060626.25,2014,12,sun,126.25,11 days
Sub-Saharan Africa,Zimbabwe,Personal Care,Offline,L,23-08-2011,147599017,28-08-2011,6684,81.73,56.67,546283.32,378782.28,167501.04,2011,8,mon,25.06,5 days
Europe,Serbia,Beverages,Online,H,18-04-2015,682489430,23-05-2015,2644,47.45,31.79,125457.8,84052.76,41405.04,2015,4,fri,15.66,35 days
Asia,Maldives,Vegetables,Offline,M,11-01-2014,509819114,23-02-2014,5660,154.06,90.93,871979.6,514663.8,357315.8,2014,1,fri,63.13,43 days
Europe,Ireland,Office Supplies,Offline,M,27-02-2012,343699395,02-04-2012,7144,651.21,524.96,4652244.24,3750314.24,901930,2012,2,sun,126.25,35 days
Europe,Romania,Clothes,Offline,L,04-04-2011,968554103,08-04-2011,5537,109.28,35.84,605083.36,198446.08,406637.28,2011,4,sun,73.44,4 days
Europe,Croatia,Beverages,Online,M,26-12-2013,989119565,06-01-2014,1315,47.45,31.79,62396.75,41803.85,20592.9,2013,12,wed,15.66,11 days
Europe,Albania,Vegetables,Offline,M,12-09-2012,880444610,31-10-2012,1980,154.06,90.93,305038.8,180041.4,124997.4,2012,9,tue,63.13,49 days
Central America and the Caribbean,Dominican Republic,Vegetables,Offline,L,19-12-2015,737890565,15-01-2016,7071,154.06,90.93,1089358.26,642966.03,446392.23,2015,12,fri,63.13,27 days
Sub-Saharan Africa,Zimbabwe,Vegetables,Online,M,26-06-2014,727131259,09-08-2014,3153,154.06,90.93,485751.18,286702.29,199048.89,2014,6,wed,63.13,44 days
Sub-Saharan Africa,Ghana,Office Supplies,Offline,L,02-03-2015,634153020,11-03-2015,8826,651.21,524.96,5747579.46,4633296.96,1114282.5,2015,3,sun,126.25,9 days
Asia,Laos,Beverages,Online,H,17-08-2014,315254676,08-09-2014,9719,47.45,31.79,461166.55,308967.01,152199.54,2014,8,sat,15.66,22 days
Central America and the Caribbean,Panama,Personal Care,Offline,M,19-07-2010,147047555,03-09-2010,3494,81.73,56.67,285564.62,198004.98,87559.64,2010,7,sun,25.06,46 days
Sub-Saharan Africa,Angola,Household,Online,L,14-01-2013,576455485,13-02-2013,4843,668.27,502.54,3236431.61,2433801.22,802630.39,2013,1,sun,165.73,30 days
Middle East and North Africa,Syria,Snacks,Offline,L,19-07-2010,770714795,26-08-2010,490,152.58,97.44,74764.2,47745.6,27018.6,2010,7,sun,55.14,38 days
Sub-Saharan Africa,Sierra Leone,Cosmetics,Offline,H,11-07-2011,867374312,03-08-2011,4189,437.2,263.33,1831430.8,1103089.37,728341.43,2011,7,sun,173.87,23 days
Sub-Saharan Africa,Uganda,Fruits,Online,L,04-05-2010,624295365,23-06-2010,1727,9.33,6.92,16112.91,11950.84,4162.07,2010,5,mon,2.41,50 days
Asia,Taiwan,Clothes,Offline,M,13-10-2013,769651782,03-11-2013,5921,109.28,35.84,647046.88,212208.64,434838.24,2013,10,sat,73.44,21 days
Middle East and North Africa,Azerbaijan,Vegetables,Online,C,27-07-2014,751929891,01-08-2014,1619,154.06,90.93,249423.14,147215.67,102207.47,2014,7,sat,63.13,5 days
Asia,Maldives,Office Supplies,Online,H,04-04-2010,989928519,11-04-2010,702,651.21,524.96,457149.42,368521.92,88627.5,2010,4,sat,126.25,7 days
Sub-Saharan Africa,Mauritania,Meat,Offline,H,17-08-2014,622758996,01-10-2014,7081,421.89,364.69,2987403.09,2582369.89,405033.2,2014,8,sat,57.2,45 days
Sub-Saharan Africa,Burundi,Baby Food,Online,H,04-01-2016,659845149,29-01-2016,1698,255.28,159.42,433465.44,270695.16,162770.28,2016,1,sun,95.86,25 days
Sub-Saharan Africa,Zambia,Baby Food,Offline,H,17-05-2011,830923306,05-06-2011,7526,255.28,159.42,1921237.28,1199794.92,721442.36,2011,5,mon,95.86,19 days
Asia,Singapore,Beverages,Offline,L,12-02-2010,936042296,17-03-2010,4571,47.45,31.79,216893.95,145312.09,71581.86,2010,2,thur,15.66,33 days
Sub-Saharan Africa,Ghana,Household,Online,L,17-02-2015,395563447,30-03-2015,4869,668.27,502.54,3253806.63,2446867.26,806939.37,2015,2,mon,165.73,41 days
Sub-Saharan Africa,Guinea,Meat,Offline,M,07-06-2011,500160586,07-06-2011,7487,421.89,364.69,3158690.43,2730434.03,428256.4,2011,6,mon,57.2,0 days
Sub-Saharan Africa,Zambia,Fruits,Online,L,26-05-2015,360820043,02-07-2015,3524,9.33,6.92,32878.92,24386.08,8492.84,2015,5,mon,2.41,37 days
Europe,Georgia,Snacks,Online,C,24-05-2010,958840644,02-06-2010,1109,152.58,97.44,169211.22,108060.96,61150.26,2010,5,sun,55.14,9 days
Middle East and North Africa,Bahrain,Baby Food,Online,M,21-02-2011,195833718,07-04-2011,404,255.28,159.42,103133.12,64405.68,38727.44,2011,2,sun,95.86,45 days
Sub-Saharan Africa,Lesotho,Personal Care,Offline,M,28-06-2014,543723094,02-07-2014,8601,81.73,56.67,702959.73,487418.67,215541.06,2014,6,fri,25.06,4 days
Central America and the Caribbean,Barbados,Cosmetics,Offline,H,15-10-2010,494745099,30-10-2010,4924,437.2,263.33,2152772.8,1296636.92,856135.88,2010,10,thur,173.87,15 days
Middle East and North Africa,Saudi Arabia,Vegetables,Online,H,18-05-2010,411448562,30-06-2010,5628,154.06,90.93,867049.68,511754.04,355295.64,2010,5,mon,63.13,43 days
Europe,Macedonia,Personal Care,Offline,H,02-02-2017,276694810,16-02-2017,8998,81.73,56.67,735406.54,509916.66,225489.88,2017,2,wed,25.06,14 days
Asia,Turkmenistan,Office Supplies,Offline,M,24-11-2016,143657672,08-01-2017,352,651.21,524.96,229225.92,184785.92,44440,2016,11,wed,126.25,45 days
Europe,Albania,Baby Food,Online,L,23-12-2011,585823476,06-01-2012,7040,255.28,159.42,1797171.2,1122316.8,674854.4,2011,12,thur,95.86,14 days
Middle East and North Africa,Afghanistan,Clothes,Online,C,05-12-2016,446991050,16-01-2017,3440,109.28,35.84,375923.2,123289.6,252633.6,2016,12,sun,73.44,42 days
Australia and Oceania,Kiribati,Clothes,Offline,M,16-02-2017,891271722,22-02-2017,5963,109.28,35.84,651636.64,213713.92,437922.72,2017,2,wed,73.44,6 days
Middle East and North Africa,Morocco,Cosmetics,Online,C,18-05-2010,453089320,16-06-2010,8053,437.2,263.33,3520771.6,2120596.49,1400175.11,2010,5,mon,173.87,29 days
Europe,Norway,Baby Food,Offline,L,07-09-2010,887180173,18-10-2010,5183,255.28,159.42,1323116.24,826273.86,496842.38,2010,9,mon,95.86,41 days
Europe,Sweden,Cosmetics,Online,L,12-03-2014,418593108,25-03-2014,9858,437.2,263.33,4309917.6,2595907.14,1714010.46,2014,3,tue,173.87,13 days
Asia,Tajikistan,Personal Care,Online,M,16-07-2010,492689454,16-08-2010,6613,81.73,56.67,540480.49,374758.71,165721.78,2010,7,thur,25.06,31 days
Europe,Netherlands,Cosmetics,Online,M,05-12-2016,825143039,20-12-2016,7017,437.2,263.33,3067832.4,1847786.61,1220045.79,2016,12,sun,173.87,15 days
Europe,Spain,Vegetables,Online,L,08-10-2013,751940190,10-10-2013,4667,154.06,90.93,718998.02,424370.31,294627.71,2013,10,mon,63.13,2 days
Sub-Saharan Africa,Chad,Baby Food,Offline,H,09-08-2016,579379737,26-08-2016,194,255.28,159.42,49524.32,30927.48,18596.84,2016,8,mon,95.86,17 days
Europe,Ireland,Meat,Online,C,06-10-2011,234073007,20-11-2011,6259,421.89,364.69,2640609.51,2282594.71,358014.8,2011,10,wed,57.2,45 days
Middle East and North Africa,Pakistan,Meat,Online,C,17-02-2013,612943828,01-03-2013,2554,421.89,364.69,1077507.06,931418.26,146088.8,2013,2,sat,57.2,12 days
Sub-Saharan Africa,Mozambique,Fruits,Online,C,14-12-2012,433228528,21-12-2012,804,9.33,6.92,7501.32,5563.68,1937.64,2012,12,thur,2.41,7 days
Middle East and North Africa,Bahrain,Fruits,Online,L,20-11-2015,282475936,28-11-2015,9762,9.33,6.92,91079.46,67553.04,23526.42,2015,11,thur,2.41,8 days
Asia,Tajikistan,Meat,Online,M,07-07-2012,368547379,12-07-2012,214,421.89,364.69,90284.46,78043.66,12240.8,2012,7,fri,57.2,5 days
Australia and Oceania,New Zealand,Meat,Offline,H,02-06-2013,969616687,28-06-2013,9980,421.89,364.69,4210462.2,3639606.2,570856,2013,6,sat,57.2,26 days
Sub-Saharan Africa,Niger,Baby Food,Online,L,04-02-2015,184170186,17-02-2015,8906,255.28,159.42,2273523.68,1419794.52,853729.16,2015,2,tue,95.86,13 days
Europe,Armenia,Fruits,Online,C,28-04-2011,681006705,14-06-2011,3872,9.33,6.92,36125.76,26794.24,9331.52,2011,4,wed,2.41,47 days
Sub-Saharan Africa,Gabon,Baby Food,Online,L,01-02-2012,249237573,21-02-2012,3791,255.28,159.42,967766.48,604361.22,363405.26,2012,2,tue,95.86,20 days
Asia,Kyrgyzstan,Vegetables,Offline,H,29-01-2017,348286616,13-02-2017,4604,154.06,90.93,709292.24,418641.72,290650.52,2017,1,sat,63.13,15 days
Australia and Oceania,Fiji,Clothes,Offline,L,01-12-2011,257890164,29-12-2011,4285,109.28,35.84,468264.8,153574.4,314690.4,2011,12,wed,73.44,28 days
Europe,Romania,Cosmetics,Online,H,08-05-2017,228097045,17-06-2017,7839,437.2,263.33,3427210.8,2064243.87,1362966.93,2017,5,sun,173.87,40 days
Sub-Saharan Africa,Botswana,Cereal,Online,C,03-05-2017,129268586,21-06-2017,2302,205.7,117.11,473521.4,269587.22,203934.18,2017,5,tue,88.59,49 days
Australia and Oceania,Fiji,Cosmetics,Online,M,31-10-2015,802078616,09-12-2015,1741,437.2,263.33,761165.2,458457.53,302707.67,2015,10,fri,173.87,39 days
Europe,Vatican City,Clothes,Offline,C,11-04-2010,907513463,19-04-2010,2256,109.28,35.84,246535.68,80855.04,165680.64,2010,4,sat,73.44,8 days
Asia,Thailand,Vegetables,Online,L,17-07-2010,976871955,31-08-2010,6975,154.06,90.93,1074568.5,634236.75,440331.75,2010,7,fri,63.13,45 days
Europe,Belarus,Cereal,Offline,C,31-05-2012,261765420,17-07-2012,1060,205.7,117.11,218042,124136.6,93905.4,2012,5,wed,88.59,47 days
Australia and Oceania,Solomon Islands,Vegetables,Offline,L,15-07-2016,784117686,17-07-2016,6703,154.06,90.93,1032664.18,609503.79,423160.39,2016,7,thur,63.13,2 days
Asia,China,Cosmetics,Offline,M,14-01-2017,586165082,27-01-2017,8128,437.2,263.33,3553561.6,2140346.24,1413215.36,2017,1,fri,173.87,13 days
Sub-Saharan Africa,Angola,Snacks,Online,C,26-11-2012,480456435,16-12-2012,6591,152.58,97.44,1005654.78,642227.04,363427.74,2012,11,sun,55.14,20 days
Asia,Cambodia,Cereal,Online,L,03-10-2011,899853074,26-10-2011,5376,205.7,117.11,1105843.2,629583.36,476259.84,2011,10,sun,88.59,23 days
Central America and the Caribbean,Guatemala,Baby Food,Offline,L,30-11-2010,547528827,15-12-2010,4802,255.28,159.42,1225854.56,765534.84,460319.72,2010,11,mon,95.86,15 days
Sub-Saharan Africa,Namibia,Vegetables,Online,L,08-05-2016,446970021,09-05-2016,7217,154.06,90.93,1111851.02,656241.81,455609.21,2016,5,sat,63.13,1 days
Europe,Serbia,Beverages,Offline,H,27-02-2016,791975486,20-03-2016,2001,47.45,31.79,94947.45,63611.79,31335.66,2016,2,fri,15.66,22 days
Middle East and North Africa,Turkey,Vegetables,Offline,M,24-08-2014,496656548,29-09-2014,564,154.06,90.93,86889.84,51284.52,35605.32,2014,8,sat,63.13,36 days
Middle East and North Africa,Pakistan,Vegetables,Offline,C,26-05-2013,345437037,30-06-2013,1351,154.06,90.93,208135.06,122846.43,85288.63,2013,5,sat,63.13,35 days
Europe,Georgia,Vegetables,Offline,H,26-01-2015,743053281,23-02-2015,4833,154.06,90.93,744571.98,439464.69,305107.29,2015,1,sun,63.13,28 days
Australia and Oceania,Vanuatu,Snacks,Offline,L,07-01-2012,364554107,18-01-2012,8516,152.58,97.44,1299371.28,829799.04,469572.24,2012,1,fri,55.14,11 days
Europe,Luxembourg,Cosmetics,Online,H,21-10-2012,205300843,03-12-2012,1937,437.2,263.33,846856.4,510070.21,336786.19,2012,10,sat,173.87,43 days
Middle East and North Africa,Saudi Arabia,Household,Online,M,16-09-2015,430967319,05-10-2015,1661,668.27,502.54,1109996.47,834718.94,275277.53,2015,9,tue,165.73,19 days
Australia and Oceania,Vanuatu,Meat,Offline,H,28-06-2012,827539861,01-07-2012,6289,421.89,364.69,2653266.21,2293535.41,359730.8,2012,6,wed,57.2,3 days
Central America and the Caribbean,Haiti,Snacks,Offline,H,02-12-2014,351317298,14-01-2015,1450,152.58,97.44,221241,141288,79953,2014,12,mon,55.14,43 days
Sub-Saharan Africa,Tanzania,Household,Offline,C,04-02-2013,278910958,04-02-2013,4805,668.27,502.54,3211037.35,2414704.7,796332.65,2013,2,sun,165.73,0 days
Asia,North Korea,Cosmetics,Offline,C,17-02-2017,157244670,15-03-2017,1047,437.2,263.33,457748.4,275706.51,182041.89,2017,2,thur,173.87,26 days
Middle East and North Africa,Bahrain,Beverages,Online,L,24-06-2015,953554761,28-07-2015,6899,47.45,31.79,327357.55,219319.21,108038.34,2015,6,tue,15.66,34 days
Sub-Saharan Africa,Cote d'Ivoire,Cereal,Online,L,30-07-2016,105390059,25-08-2016,6115,205.7,117.11,1257855.5,716127.65,541727.85,2016,7,fri,88.59,26 days
Asia,Singapore,Cosmetics,Offline,L,23-10-2014,970611894,10-11-2014,4483,437.2,263.33,1959967.6,1180508.39,779459.21,2014,10,wed,173.87,18 days
Asia,Malaysia,Baby Food,Offline,M,16-12-2016,677394092,29-12-2016,4820,255.28,159.42,1230449.6,768404.4,462045.2,2016,12,thur,95.86,13 days
Europe,Albania,Baby Food,Online,L,28-09-2015,474222981,26-10-2015,1973,255.28,159.42,503667.44,314535.66,189131.78,2015,9,sun,95.86,28 days
Sub-Saharan Africa,Gabon,Snacks,Online,L,16-04-2016,779897391,05-05-2016,7824,152.58,97.44,1193785.92,762370.56,431415.36,2016,4,fri,55.14,19 days
Europe,Poland,Snacks,Offline,L,27-03-2017,733528649,30-03-2017,6283,152.58,97.44,958660.14,612215.52,346444.62,2017,3,sun,55.14,3 days
Sub-Saharan Africa,Chad,Office Supplies,Online,H,25-06-2014,444540584,02-08-2014,8292,651.21,524.96,5399833.32,4352968.32,1046865,2014,6,tue,126.25,38 days
Sub-Saharan Africa,Republic of the Congo,Clothes,Online,H,29-07-2012,542669522,11-09-2012,6826,109.28,35.84,745945.28,244643.84,501301.44,2012,7,sat,73.44,44 days
Asia,Philippines,Fruits,Offline,L,04-05-2013,827964293,01-06-2013,1888,9.33,6.92,17615.04,13064.96,4550.08,2013,5,fri,2.41,28 days
Europe,France,Snacks,Offline,M,02-02-2012,720786225,15-02-2012,5516,152.58,97.44,841631.28,537479.04,304152.24,2012,2,wed,55.14,13 days
Europe,Germany,Household,Offline,H,24-07-2016,611809146,01-08-2016,6777,668.27,502.54,4528865.79,3405713.58,1123152.21,2016,7,sat,165.73,8 days
Sub-Saharan Africa,Uganda,Personal Care,Online,M,04-11-2012,512019383,12-12-2012,6769,81.73,56.67,553230.37,383599.23,169631.14,2012,11,sat,25.06,38 days
Middle East and North Africa,Bahrain,Personal Care,Online,C,05-08-2014,502715766,17-08-2014,3621,81.73,56.67,295944.33,205202.07,90742.26,2014,8,mon,25.06,12 days
Middle East and North Africa,Jordan,Office Supplies,Offline,M,22-10-2013,285509622,28-10-2013,7497,651.21,524.96,4882121.37,3935625.12,946496.25,2013,10,mon,126.25,6 days
Europe,Montenegro,Beverages,Offline,L,01-12-2014,532324779,03-01-2015,5586,47.45,31.79,265055.7,177578.94,87476.76,2014,12,sun,15.66,33 days
Middle East and North Africa,Tunisia ,Personal Care,Offline,H,02-11-2015,635397565,21-11-2015,7114,81.73,56.67,581427.22,403150.38,178276.84,2015,11,sun,25.06,19 days
Europe,Germany,Cereal,Offline,M,07-10-2011,957276809,04-11-2011,8335,205.7,117.11,1714509.5,976111.85,738397.65,2011,10,thur,88.59,28 days
Europe,Italy,Snacks,Online,L,09-02-2014,580823838,21-03-2014,7536,152.58,97.44,1149842.88,734307.84,415535.04,2014,2,sat,55.14,40 days
Europe,France,Office Supplies,Offline,H,29-05-2016,459212481,16-06-2016,33,651.21,524.96,21489.93,17323.68,4166.25,2016,5,sat,126.25,18 days
Middle East and North Africa,Algeria,Baby Food,Online,L,08-04-2013,265929067,23-05-2013,3175,255.28,159.42,810514,506158.5,304355.5,2013,4,sun,95.86,45 days
Asia,Myanmar,Beverages,Online,H,20-09-2011,644772422,26-10-2011,1343,47.45,31.79,63725.35,42693.97,21031.38,2011,9,mon,15.66,36 days
Europe,France,Vegetables,Offline,C,12-04-2012,959853875,04-05-2012,947,154.06,90.93,145894.82,86110.71,59784.11,2012,4,wed,63.13,22 days
Europe,Spain,Vegetables,Online,C,02-10-2012,645597255,25-10-2012,5429,154.06,90.93,836391.74,493658.97,342732.77,2012,10,mon,63.13,23 days
Asia,Cambodia,Baby Food,Offline,C,02-01-2012,556738889,25-01-2012,264,255.28,159.42,67393.92,42086.88,25307.04,2012,1,sun,95.86,23 days
Sub-Saharan Africa,The Gambia,Vegetables,Online,M,30-09-2013,718327605,10-11-2013,7956,154.06,90.93,1225701.36,723439.08,502262.28,2013,9,sun,63.13,41 days
Europe,Russia,Baby Food,Offline,L,10-03-2015,775724732,20-03-2015,3041,255.28,159.42,776306.48,484796.22,291510.26,2015,3,mon,95.86,10 days
Europe,Belarus,Baby Food,Offline,H,26-10-2010,444604098,31-10-2010,7088,255.28,159.42,1809424.64,1129968.96,679455.68,2010,10,mon,95.86,5 days
Middle East and North Africa,Turkey,Beverages,Online,C,02-05-2011,860952031,13-05-2011,3693,47.45,31.79,175232.85,117400.47,57832.38,2011,5,sun,15.66,11 days
Sub-Saharan Africa,Kenya,Meat,Offline,C,19-02-2017,531067359,20-02-2017,3488,421.89,364.69,1471552.32,1272038.72,199513.6,2017,2,sat,57.2,1 days
Middle East and North Africa,Iran,Cosmetics,Offline,M,20-07-2014,281561410,02-08-2014,9133,437.2,263.33,3992947.6,2404992.89,1587954.71,2014,7,sat,173.87,13 days
Asia,Vietnam,Personal Care,Offline,L,18-06-2017,109358012,10-07-2017,321,81.73,56.67,26235.33,18191.07,8044.26,2017,6,sat,25.06,22 days
Europe,Albania,Beverages,Online,L,19-07-2010,531693494,06-08-2010,8775,47.45,31.79,416373.75,278957.25,137416.5,2010,7,sun,15.66,18 days
Central America and the Caribbean,Antigua and Barbuda ,Clothes,Offline,C,09-08-2013,336116683,04-09-2013,3251,109.28,35.84,355269.28,116515.84,238753.44,2013,8,thur,73.44,26 days
Sub-Saharan Africa,Senegal,Cereal,Offline,M,23-03-2017,630488908,30-04-2017,4534,205.7,117.11,932643.8,530976.74,401667.06,2017,3,wed,88.59,38 days
Europe,Netherlands,Fruits,Online,L,31-10-2016,792983996,02-12-2016,441,9.33,6.92,4114.53,3051.72,1062.81,2016,10,sun,2.41,32 days
Europe,Russia,Fruits,Online,C,03-07-2016,722088277,03-07-2016,822,9.33,6.92,7669.26,5688.24,1981.02,2016,7,sat,2.41,0 days
Europe,Slovakia,Cosmetics,Online,H,07-01-2010,386600577,29-01-2010,2557,437.2,263.33,1117920.4,673334.81,444585.59,2010,1,wed,173.87,22 days
Australia and Oceania,East Timor,Beverages,Offline,L,06-12-2014,275632226,18-01-2015,4556,47.45,31.79,216182.2,144835.24,71346.96,2014,12,fri,15.66,43 days
Central America and the Caribbean,Haiti,Vegetables,Offline,H,16-10-2015,948607051,27-11-2015,2761,154.06,90.93,425359.66,251057.73,174301.93,2015,10,thur,63.13,42 days
Middle East and North Africa,Yemen,Cereal,Online,H,10-05-2013,785261380,26-05-2013,5147,205.7,117.11,1058737.9,602765.17,455972.73,2013,5,thur,88.59,16 days
Australia and Oceania,Tuvalu,Cereal,Online,C,27-03-2013,935644042,15-05-2013,6719,205.7,117.11,1382098.3,786862.09,595236.21,2013,3,tue,88.59,49 days
Sub-Saharan Africa,Liberia,Snacks,Offline,M,13-07-2014,370116364,17-08-2014,4512,152.58,97.44,688440.96,439649.28,248791.68,2014,7,sat,55.14,35 days
Asia,North Korea,Beverages,Online,C,16-08-2013,829352176,26-08-2013,2594,47.45,31.79,123085.3,82463.26,40622.04,2013,8,thur,15.66,10 days
Asia,North Korea,Household,Online,M,14-07-2015,974337804,07-08-2015,7063,668.27,502.54,4719991.01,3549440.02,1170550.99,2015,7,mon,165.73,24 days
Europe,Romania,Household,Online,H,23-12-2014,436372077,03-01-2015,1050,668.27,502.54,701683.5,527667,174016.5,2014,12,mon,165.73,11 days
Sub-Saharan Africa,Sao Tome and Principe,Cereal,Offline,M,27-04-2015,267066323,19-05-2015,9715,205.7,117.11,1998375.5,1137723.65,860651.85,2015,4,sun,88.59,22 days
Middle East and North Africa,Bahrain,Fruits,Online,M,14-03-2017,688344371,28-04-2017,5251,9.33,6.92,48991.83,36336.92,12654.91,2017,3,mon,2.41,45 days
Middle East and North Africa,Somalia,Cosmetics,Offline,M,02-10-2014,642442548,02-11-2014,1881,437.2,263.33,822373.2,495323.73,327049.47,2014,10,wed,173.87,31 days
Europe,Cyprus,Cereal,Online,C,13-07-2014,941909682,01-08-2014,861,205.7,117.11,177107.7,100831.71,76275.99,2014,7,sat,88.59,19 days
Europe,United Kingdom,Beverages,Offline,C,31-07-2016,219607102,13-08-2016,5477,47.45,31.79,259883.65,174113.83,85769.82,2016,7,sat,15.66,13 days
Europe,Germany,Personal Care,Offline,H,30-08-2010,778708636,02-09-2010,6045,81.73,56.67,494057.85,342570.15,151487.7,2010,8,sun,25.06,3 days
Middle East and North Africa,Somalia,Beverages,Online,M,22-04-2010,942700612,06-06-2010,4915,47.45,31.79,233216.75,156247.85,76968.9,2010,4,wed,15.66,45 days
Australia and Oceania,New Zealand,Household,Offline,H,09-03-2011,905381858,08-04-2011,1466,668.27,502.54,979683.82,736723.64,242960.18,2011,3,tue,165.73,30 days
Middle East and North Africa,Kuwait,Meat,Online,C,13-01-2010,480863702,28-01-2010,7110,421.89,364.69,2999637.9,2592945.9,406692,2010,1,tue,57.2,15 days
Asia,Japan,Cosmetics,Online,L,06-01-2016,453569972,19-02-2016,289,437.2,263.33,126350.8,76102.37,50248.43,2016,1,tue,173.87,44 days
Europe,Norway,Baby Food,Offline,H,17-08-2016,328236997,10-09-2016,1476,255.28,159.42,376793.28,235303.92,141489.36,2016,8,tue,95.86,24 days
Sub-Saharan Africa,Lesotho,Personal Care,Offline,C,22-10-2011,579913604,23-10-2011,8177,81.73,56.67,668306.21,463390.59,204915.62,2011,10,fri,25.06,1 days
Europe,Belgium,Cosmetics,Online,H,12-02-2010,403961122,20-03-2010,9928,437.2,263.33,4340521.6,2614340.24,1726181.36,2010,2,thur,173.87,36 days
Central America and the Caribbean,Honduras,Cosmetics,Offline,L,29-05-2017,866053378,22-06-2017,3295,437.2,263.33,1440574,867672.35,572901.65,2017,5,sun,173.87,24 days
Europe,Austria,Household,Offline,C,17-04-2010,852176702,13-05-2010,6878,668.27,502.54,4596361.06,3456470.12,1139890.94,2010,4,fri,165.73,26 days
Middle East and North Africa,Oman,Baby Food,Online,M,08-09-2015,218629920,20-10-2015,6307,255.28,159.42,1610050.96,1005461.94,604589.02,2015,9,mon,95.86,42 days
Middle East and North Africa,Oman,Baby Food,Offline,C,13-02-2016,242024362,17-03-2016,9242,255.28,159.42,2359297.76,1473359.64,885938.12,2016,2,fri,95.86,33 days
Europe,Spain,Snacks,Offline,M,16-02-2014,469283854,16-02-2014,376,152.58,97.44,57370.08,36637.44,20732.64,2014,2,sat,55.14,0 days
Middle East and North Africa,Afghanistan,Fruits,Online,C,22-04-2013,967644727,30-04-2013,6433,9.33,6.92,60019.89,44516.36,15503.53,2013,4,sun,2.41,8 days
Central America and the Caribbean,Saint Vincent and the Grenadines,Cosmetics,Offline,L,15-07-2014,974655807,23-07-2014,1167,437.2,263.33,510212.4,307306.11,202906.29,2014,7,mon,173.87,8 days
Europe,Iceland,Vegetables,Online,M,07-03-2012,248178422,22-03-2012,365,154.06,90.93,56231.9,33189.45,23042.45,2012,3,tue,63.13,15 days
Asia,Myanmar,Vegetables,Offline,L,14-01-2013,416386401,16-02-2013,6844,154.06,90.93,1054386.64,622324.92,432061.72,2013,1,sun,63.13,33 days
Europe,Netherlands,Snacks,Offline,L,22-05-2017,927766072,20-06-2017,5453,152.58,97.44,832018.74,531340.32,300678.42,2017,5,sun,55.14,29 days
Europe,Slovakia,Vegetables,Online,M,23-03-2015,401116263,31-03-2015,8071,154.06,90.93,1243418.26,733896.03,509522.23,2015,3,sun,63.13,8 days
Middle East and North Africa,Bahrain,Fruits,Offline,H,28-09-2012,675548303,06-11-2012,8610,9.33,6.92,80331.3,59581.2,20750.1,2012,9,thur,2.41,39 days
Sub-Saharan Africa,Lesotho,Baby Food,Online,L,06-06-2013,960486018,04-07-2013,8012,255.28,159.42,2045303.36,1277273.04,768030.32,2013,6,wed,95.86,28 days
Central America and the Caribbean,Cuba,Clothes,Offline,L,02-04-2014,985665738,19-05-2014,9250,109.28,35.84,1010840,331520,679320,2014,4,tue,73.44,47 days
Middle East and North Africa,Afghanistan,Clothes,Offline,C,13-01-2017,551136291,13-01-2017,2331,109.28,35.84,254731.68,83543.04,171188.64,2017,1,thur,73.44,0 days
Australia and Oceania,Vanuatu,Cereal,Online,L,03-02-2017,877259004,16-02-2017,9289,205.7,117.11,1910747.3,1087834.79,822912.51,2017,2,thur,88.59,13 days
Asia,Bhutan,Beverages,Offline,M,05-08-2014,554707705,19-09-2014,9192,47.45,31.79,436160.4,292213.68,143946.72,2014,8,mon,15.66,45 days
Australia and Oceania,Palau,Cereal,Offline,L,06-10-2010,494468724,23-10-2010,3139,205.7,117.11,645692.3,367608.29,278084.01,2010,10,tue,88.59,17 days
Asia,Indonesia,Personal Care,Online,H,10-09-2011,777840888,23-10-2011,9259,81.73,56.67,756738.07,524707.53,232030.54,2011,9,fri,25.06,43 days
Europe,Andorra,Baby Food,Offline,C,12-12-2016,206435525,27-01-2017,7714,255.28,159.42,1969229.92,1229765.88,739464.04,2016,12,sun,95.86,46 days
Middle East and North Africa,Algeria,Office Supplies,Online,C,26-10-2015,352176463,05-12-2015,5696,651.21,524.96,3709292.16,2990172.16,719120,2015,10,sun,126.25,40 days
Australia and Oceania,Vanuatu,Cosmetics,Offline,C,14-10-2013,607300031,14-10-2013,2429,437.2,263.33,1061958.8,639628.57,422330.23,2013,10,sun,173.87,0 days
North America,Mexico,Baby Food,Online,H,17-08-2013,434355056,28-09-2013,4168,255.28,159.42,1064007.04,664462.56,399544.48,2013,8,fri,95.86,42 days
Europe,Macedonia,Fruits,Offline,M,07-08-2011,716202867,20-09-2011,9199,9.33,6.92,85826.67,63657.08,22169.59,2011,8,sat,2.41,44 days
Central America and the Caribbean,Panama,Personal Care,Online,H,22-05-2016,606017291,12-06-2016,2838,81.73,56.67,231949.74,160829.46,71120.28,2016,5,sat,25.06,21 days
Asia,Nepal,Cereal,Offline,H,13-01-2015,677284657,15-01-2015,2436,205.7,117.11,501085.2,285279.96,215805.24,2015,1,mon,88.59,2 days
Asia,Nepal,Fruits,Online,C,22-07-2014,673803794,29-07-2014,2371,9.33,6.92,22121.43,16407.32,5714.11,2014,7,mon,2.41,7 days
Sub-Saharan Africa,Mauritius ,Cereal,Offline,C,25-06-2015,859686028,10-07-2015,9055,205.7,117.11,1862613.5,1060431.05,802182.45,2015,6,wed,88.59,15 days
Sub-Saharan Africa,Sao Tome and Principe,Clothes,Online,H,10-08-2015,669355189,26-09-2015,5930,109.28,35.84,648030.4,212531.2,435499.2,2015,8,sun,73.44,47 days
Central America and the Caribbean,Saint Vincent and the Grenadines,Fruits,Offline,L,19-10-2013,957547605,21-11-2013,8470,9.33,6.92,79025.1,58612.4,20412.7,2013,10,fri,2.41,33 days
Asia,Maldives,Personal Care,Online,M,09-10-2013,849312102,23-11-2013,9180,81.73,56.67,750281.4,520230.6,230050.8,2013,10,tue,25.06,45 days
Sub-Saharan Africa,Swaziland,Personal Care,Offline,H,26-09-2012,890010011,14-10-2012,2595,81.73,56.67,212089.35,147058.65,65030.7,2012,9,tue,25.06,18 days
Middle East and North Africa,Morocco,Cereal,Online,H,02-10-2012,795315158,26-10-2012,284,205.7,117.11,58418.8,33259.24,25159.56,2012,10,mon,88.59,24 days
Asia,Maldives,Clothes,Offline,M,11-12-2016,801213872,28-01-2017,5844,109.28,35.84,638632.32,209448.96,429183.36,2016,12,sat,73.44,48 days
Sub-Saharan Africa,Zimbabwe,Fruits,Offline,C,26-07-2010,314004981,09-08-2010,9907,9.33,6.92,92432.31,68556.44,23875.87,2010,7,sun,2.41,14 days
Asia,India,Cereal,Online,C,27-03-2010,160299813,06-04-2010,5132,205.7,117.11,1055652.4,601008.52,454643.88,2010,3,fri,88.59,10 days
Asia,Tajikistan,Beverages,Offline,C,11-09-2014,337022197,22-09-2014,1212,47.45,31.79,57509.4,38529.48,18979.92,2014,9,wed,15.66,11 days
Sub-Saharan Africa,Lesotho,Snacks,Offline,M,09-03-2016,461408460,15-03-2016,9872,152.58,97.44,1506269.76,961927.68,544342.08,2016,3,tue,55.14,6 days
Asia,Bhutan,Office Supplies,Offline,M,19-10-2011,221007430,10-11-2011,9865,651.21,524.96,6424186.65,5178730.4,1245456.25,2011,10,tue,126.25,22 days
Central America and the Caribbean,Trinidad and Tobago,Snacks,Offline,L,31-10-2014,723680436,20-12-2014,1978,152.58,97.44,301803.24,192736.32,109066.92,2014,10,thur,55.14,50 days
Australia and Oceania,Tuvalu,Fruits,Offline,L,23-02-2013,447601306,11-03-2013,4028,9.33,6.92,37581.24,27873.76,9707.48,2013,2,fri,2.41,16 days
Middle East and North Africa,Iraq,Clothes,Offline,L,25-10-2010,191256368,09-11-2010,5864,109.28,35.84,640817.92,210165.76,430652.16,2010,10,sun,73.44,15 days
Sub-Saharan Africa,The Gambia,Vegetables,Offline,L,04-10-2016,823444449,30-10-2016,4366,154.06,90.93,672625.96,397000.38,275625.58,2016,10,mon,63.13,26 days
Middle East and North Africa,Bahrain,Beverages,Online,C,04-09-2010,133276879,17-10-2010,8445,47.45,31.79,400715.25,268466.55,132248.7,2010,9,fri,15.66,43 days
Middle East and North Africa,Qatar,Meat,Online,H,22-12-2014,480177485,07-02-2015,4043,421.89,364.69,1705701.27,1474441.67,231259.6,2014,12,sun,57.2,47 days
Sub-Saharan Africa,Angola,Household,Offline,H,08-04-2015,243882596,11-05-2015,9135,668.27,502.54,6104646.45,4590702.9,1513943.55,2015,4,tue,165.73,33 days
Central America and the Caribbean,Costa Rica,Cosmetics,Online,L,02-03-2017,574441039,06-04-2017,8724,437.2,263.33,3814132.8,2297290.92,1516841.88,2017,3,wed,173.87,35 days
Australia and Oceania,Papua New Guinea,Household,Online,M,14-03-2012,442214143,03-05-2012,9847,668.27,502.54,6580454.69,4948511.38,1631943.31,2012,3,tue,165.73,50 days
Middle East and North Africa,Qatar,Clothes,Offline,C,22-11-2011,687875735,02-12-2011,6571,109.28,35.84,718078.88,235504.64,482574.24,2011,11,mon,73.44,10 days
Central America and the Caribbean,Saint Kitts and Nevis ,Clothes,Offline,H,08-09-2013,872412145,25-09-2013,4995,109.28,35.84,545853.6,179020.8,366832.8,2013,9,sat,73.44,17 days
Sub-Saharan Africa,Sierra Leone,Fruits,Offline,C,23-04-2012,627122199,29-04-2012,8250,9.33,6.92,76972.5,57090,19882.5,2012,4,sun,2.41,6 days
Europe,Russia,Fruits,Online,M,14-02-2011,103617227,12-03-2011,1495,9.33,6.92,13948.35,10345.4,3602.95,2011,2,sun,2.41,26 days
Europe,Lithuania,Vegetables,Offline,M,06-10-2010,423821055,22-10-2010,6923,154.06,90.93,1066557.38,629508.39,437048.99,2010,10,tue,63.13,16 days
Europe,United Kingdom,Vegetables,Online,L,08-12-2012,529970014,03-01-2013,8759,154.06,90.93,1349411.54,796455.87,552955.67,2012,12,fri,63.13,26 days
Asia,Indonesia,Personal Care,Offline,H,17-08-2016,334612929,03-10-2016,8256,81.73,56.67,674762.88,467867.52,206895.36,2016,8,tue,25.06,47 days
Asia,Mongolia,Beverages,Offline,M,23-04-2014,270611131,24-05-2014,8702,47.45,31.79,412909.9,276636.58,136273.32,2014,4,tue,15.66,31 days
Middle East and North Africa,Egypt,Office Supplies,Online,C,18-11-2010,841138446,08-12-2010,413,651.21,524.96,268949.73,216808.48,52141.25,2010,11,wed,126.25,20 days
Sub-Saharan Africa,Comoros,Household,Online,M,22-04-2012,369681203,09-05-2012,5738,668.27,502.54,3834533.26,2883574.52,950958.74,2012,4,sat,165.73,17 days
Europe,Slovenia,Household,Offline,M,05-04-2014,850038230,21-04-2014,4057,668.27,502.54,2711171.39,2038804.78,672366.61,2014,4,fri,165.73,16 days
Middle East and North Africa,Lebanon,Beverages,Online,M,21-06-2013,296320855,13-07-2013,6781,47.45,31.79,321758.45,215567.99,106190.46,2013,6,thur,15.66,22 days
Australia and Oceania,Australia,Cosmetics,Offline,L,13-07-2011,392952907,13-08-2011,2352,437.2,263.33,1028294.4,619352.16,408942.24,2011,7,tue,173.87,31 days
Central America and the Caribbean,Haiti,Snacks,Online,M,01-02-2011,644670712,21-03-2011,1245,152.58,97.44,189962.1,121312.8,68649.3,2011,2,mon,55.14,48 days
Central America and the Caribbean,Saint Kitts and Nevis ,Meat,Online,L,27-01-2012,626523101,16-02-2012,963,421.89,364.69,406280.07,351196.47,55083.6,2012,1,thur,57.2,20 days
Middle East and North Africa,Syria,Vegetables,Offline,M,24-06-2015,433871400,01-07-2015,1044,154.06,90.93,160838.64,94930.92,65907.72,2015,6,tue,63.13,7 days
Asia,Laos,Snacks,Offline,M,03-01-2012,232389438,08-01-2012,8054,152.58,97.44,1228879.32,784781.76,444097.56,2012,1,mon,55.14,5 days
Central America and the Caribbean,Saint Kitts and Nevis ,Cereal,Offline,H,21-02-2016,708063542,19-03-2016,592,205.7,117.11,121774.4,69329.12,52445.28,2016,2,sat,88.59,27 days
Sub-Saharan Africa,Sudan,Vegetables,Offline,H,04-12-2016,817192542,22-12-2016,4288,154.06,90.93,660609.28,389907.84,270701.44,2016,12,sat,63.13,18 days
Central America and the Caribbean,Guatemala,Meat,Offline,H,16-01-2012,936387765,29-02-2012,6803,421.89,364.69,2870117.67,2480986.07,389131.6,2012,1,sun,57.2,44 days
Asia,Brunei,Clothes,Offline,H,06-08-2011,612573039,09-08-2011,2830,109.28,35.84,309262.4,101427.2,207835.2,2011,8,fri,73.44,3 days
Middle East and North Africa,Jordan,Clothes,Online,M,12-08-2011,812984693,22-08-2011,9092,109.28,35.84,993573.76,325857.28,667716.48,2011,8,thur,73.44,10 days
Central America and the Caribbean,Panama,Meat,Offline,C,18-12-2012,775171554,05-01-2013,9344,421.89,364.69,3942140.16,3407663.36,534476.8,2012,12,mon,57.2,18 days
Sub-Saharan Africa,Central African Republic,Household,Online,H,10-01-2010,256994950,19-02-2010,9372,668.27,502.54,6263026.44,4709804.88,1553221.56,2010,1,sat,165.73,40 days
Middle East and North Africa,Bahrain,Beverages,Offline,M,28-02-2017,886628711,31-03-2017,1993,47.45,31.79,94567.85,63357.47,31210.38,2017,2,mon,15.66,31 days
Sub-Saharan Africa,Burundi,Beverages,Online,C,08-12-2011,312559163,16-12-2011,2057,47.45,31.79,97604.65,65392.03,32212.62,2011,12,wed,15.66,8 days
Europe,Austria,Cereal,Online,L,18-08-2014,753585135,13-09-2014,1443,205.7,117.11,296825.1,168989.73,127835.37,2014,8,sun,88.59,26 days
Australia and Oceania,Fiji,Beverages,Offline,H,19-04-2016,448817956,22-04-2016,4062,47.45,31.79,192741.9,129130.98,63610.92,2016,4,mon,15.66,3 days
Australia and Oceania,Fiji,Clothes,Offline,M,06-11-2012,407681453,24-12-2012,856,109.28,35.84,93543.68,30679.04,62864.64,2012,11,mon,73.44,48 days
Europe,Switzerland,Snacks,Online,H,27-05-2016,359911954,23-06-2016,4800,152.58,97.44,732384,467712,264672,2016,5,thur,55.14,27 days
Middle East and North Africa,Yemen,Office Supplies,Offline,M,18-08-2013,105558288,19-08-2013,5898,651.21,524.96,3840836.58,3096214.08,744622.5,2013,8,sat,126.25,1 days
Sub-Saharan Africa,Comoros,Personal Care,Offline,H,31-12-2014,864981782,11-02-2015,6186,81.73,56.67,505581.78,350560.62,155021.16,2014,12,tue,25.06,42 days
Sub-Saharan Africa,Democratic Republic of the Congo,Office Supplies,Online,C,04-02-2013,328856265,12-02-2013,4732,651.21,524.96,3081525.72,2484110.72,597415,2013,2,sun,126.25,8 days
Asia,Mongolia,Clothes,Offline,H,23-09-2016,308168065,18-10-2016,2633,109.28,35.84,287734.24,94366.72,193367.52,2016,9,thur,73.44,25 days
Australia and Oceania,Palau,Household,Offline,L,01-11-2016,884216010,02-11-2016,8021,668.27,502.54,5360193.67,4030873.34,1329320.33,2016,11,mon,165.73,1 days
Europe,Monaco,Snacks,Offline,M,27-12-2012,858611428,09-01-2013,1057,152.58,97.44,161277.06,102994.08,58282.98,2012,12,wed,55.14,13 days
Australia and Oceania,Fiji,Cereal,Online,L,10-03-2017,903278148,03-04-2017,8932,205.7,117.11,1837312.4,1046026.52,791285.88,2017,3,thur,88.59,24 days
Sub-Saharan Africa,Mali,Beverages,Online,L,17-03-2012,410452497,26-03-2012,870,47.45,31.79,41281.5,27657.3,13624.2,2012,3,fri,15.66,9 days
Sub-Saharan Africa,Liberia,Cereal,Offline,H,17-12-2015,642683303,20-01-2016,3126,205.7,117.11,643018.2,366085.86,276932.34,2015,12,wed,88.59,34 days
Europe,Switzerland,Beverages,Offline,L,18-02-2017,682831895,16-03-2017,3987,47.45,31.79,189183.15,126746.73,62436.42,2017,2,fri,15.66,26 days
Australia and Oceania,Samoa ,Baby Food,Online,L,05-11-2016,584072101,05-11-2016,8769,255.28,159.42,2238550.32,1397953.98,840596.34,2016,11,fri,95.86,0 days
Asia,Nepal,Meat,Offline,C,09-04-2017,919890248,18-05-2017,4821,421.89,364.69,2033931.69,1758170.49,275761.2,2017,4,sat,57.2,39 days
Middle East and North Africa,Azerbaijan,Snacks,Offline,C,18-04-2010,534085166,25-04-2010,6524,152.58,97.44,995431.92,635698.56,359733.36,2010,4,sat,55.14,7 days
Europe,Georgia,Baby Food,Offline,H,01-08-2011,590768182,07-09-2011,288,255.28,159.42,73520.64,45912.96,27607.68,2011,8,sun,95.86,37 days
Middle East and North Africa,United Arab Emirates,Vegetables,Online,C,12-05-2011,524363124,28-06-2011,9556,154.06,90.93,1472197.36,868927.08,603270.28,2011,5,wed,63.13,47 days
Europe,Finland,Household,Offline,L,25-01-2016,289606320,14-02-2016,9801,668.27,502.54,6549714.27,4925394.54,1624319.73,2016,1,sun,165.73,20 days
Europe,Portugal,Cereal,Offline,C,10-04-2014,811546599,08-05-2014,3528,205.7,117.11,725709.6,413164.08,312545.52,2014,4,wed,88.59,28 days
